0 0 0 0 83d0c408 4444444440000000400000004000000040000000400000004000000040000000
0 0 0 1 cb8b1aa5 4000000040000000400000004000000040000000400000004000000040000000
0 0 0 2 3f5877c3 4000000040000000400000004000000040000000400000004444444400000000
0 0 1 0 fa7d45eb 4444444400000000000000000000000000000000000000000000000000000000
0 0 1 2 a39ed6cb 0000000000000000000000000000000000000000000000004444444400000000
0 0 2 0 fa7d45eb 4444444400000000000000000000000000000000000000000000000000000000
0 0 2 2 a39ed6cb 0000000000000000000000000000000000000000000000004444444400000000
0 0 3 0 536f202b 4444444400000004000000040000000400000004000000040000000400000004
0 0 3 1 eebe0605 0000000400000004000000040000000400000004000000040000000400000004
0 0 3 2 74d3e54b 0000000400000004000000040000000400000004000000044444444400000000
0 0 8 0 2b96f2e7 0000444400440000040000000400000040000000400000004000000040000000
0 0 8 1 2dad1c45 4000000040000000400000004000000040000000400000004000000040000000
0 0 8 2 2dad1c45 4000000040000000400000004000000040000000400000004000000040000000
0 0 8 3 2dad1c45 4000000040000000400000004000000040000000400000004000000040000000
0 0 8 4 2b96f2e7 0000444400440000040000000400000040000000400000004000000040000000
0 0 8 16 30215d45 0000000000000005000000550000005500000055000000000000000000000000
0 0 9 0 a8c7b62d 4444444400000000000000000000000000000000000000000000000000000000
0 0 9 4 a8c7b62d 4444444400000000000000000000000000000000000000000000000000000000
0 0 9 11 c5e9f0c5 0000000000000000000000000000000000000000000000050000000500000005
0 0 9 12 e990aec5 0000000500000005000000000000000000000000000000000000000000000000
0 0 9 14 464749f5 0000000000000000000000050000000500000050000000500000050000000500
0 0 9 15 8b4a5140 0000500000055000000500000050000000500000055000000555555555555555
0 0 9 16 888226af 5555555555555555555555555555555555555555055555550000555500000000
0 0 10 0 a8c7b62d 4444444400000000000000000000000000000000000000000000000000000000
0 0 10 4 a8c7b62d 4444444400000000000000000000000000000000000000000000000000000000
0 0 10 11 5e9605a0 0000000055555555500000005000000050000000000000000000000000000000
0 0 10 12 28caf9c2 5555555555555555555555550555555500555555000055500000055000000500
0 0 10 13 dd9a5b05 0000050000005000000050000005000000050000005000000050000005000000
0 0 10 14 f28369c9 5500000550000005000000550000005500000555000005550000555500005555
0 0 10 15 789e0fe7 0005555500055555005555550055555500000000000000005555555555555555
0 0 10 16 ad57022b 5555555555555555555555555555555555555555555555555555555500000000
0 0 10 23 d5ef1445 0000000002222220020000200200002002222220022000000220000000000000
0 0 11 0 a8c7b62d 4444444400000000000000000000000000000000000000000000000000000000
0 0 11 4 a8c7b62d 4444444400000000000000000000000000000000000000000000000000000000
0 0 11 11 e7c837fb 0000000055555555000000000000000000000000000000000000000000000000
0 0 11 12 3e27f356 5500000055000005500000055000005500000055000005550000055500005555
0 0 11 13 3a75bfe3 0000555500055555000555550055555505555555055555555555555555555555
0 0 11 14 31b50ef0 5555555555555555555555505555555055555500555555005555500055555000
0 0 11 15 8cbeab76 5555000055550000555000005555555000000055000000555555555555555555
0 0 11 16 9d80b263 5555555555555555555555555555555555555555555555555555555500000000
0 0 11 23 d51e9935 0000000002222220020000200200002002000220020002200222222000000000
0 0 12 0 a8c7b62d 4444444400000000000000000000000000000000000000000000000000000000
0 0 12 4 a8c7b62d 4444444400000000000000000000000000000000000000000000000000000000
0 0 12 11 916aed50 0000000055555555000555000005550000555500055555000555550055555000
0 0 12 12 aa37ac39 5555500055555000555550005555500055555000555550005555000055550000
0 0 12 13 3e7b85c5 5555000055550000555500005555000055050000550500005050000050500000
0 0 12 14 624fde59 0050000000500000005000000050000000500000050000000500000005000005
0 0 12 15 20e639d3 0500000505000005050000050500000555000000500000005555555555555555
0 0 12 16 13dbd8ca 5555555555555555555555555555555555555555555555555555555500000000
0 0 12 23 d6dd1ebf 0000000002222220020000000222222000000020022000200222222000000000
0 0 13 0 a8c7b62d 4444444400000000000000000000000000000000000000000000000000000000
0 0 13 4 a8c7b62d 4444444400000000000000000000000000000000000000000000000000000000
0 0 13 11 e7c837fb 0000000055555555000000000000000000000000000000000000000000000000
0 0 13 12 8ca5890e 0055555500555555005555550055555500555555005555550555555505555550
0 0 13 13 ddb97db6 0555555505555555000000000000000000000000000000000000000000000000
0 0 13 14 17881030 0555555555555555555555555555555555555555555555005555500055555000
0 0 13 15 a861f2a1 5555500055555000555550005555555500000000000000005555555555555555
0 0 13 16 ad57022b 5555555555555555555555555555555555555555555555555555555500000000
0 0 13 23 5d8d1135 0000000000002000000020000002200000022000000220000002200000000000
0 0 14 0 2b96f2e7 0000444400440000040000000400000040000000400000004000000040000000
0 0 14 1 2dad1c45 4000000040000000400000004000000040000000400000004000000040000000
0 0 14 2 2dad1c45 4000000040000000400000004000000040000000400000004000000040000000
0 0 14 3 2dad1c45 4000000040000000400000004000000040000000400000004000000040000000
0 0 14 4 2b96f2e7 0000444400440000040000000400000040000000400000004000000040000000
0 0 14 11 471b24ab 0000000055555005000050050000550500005505000055550005555500055555
0 0 14 12 531b81f6 5555555555555550555555505555555055555550555555505555555000000050
0 0 14 13 fb4360a4 5550005055550050005500500055505000555550005555000055550000555500
0 0 14 14 ef34a645 5555550055555500555555005555550055555500000005000000050000000500
0 0 14 15 71c252d2 0000550000005000000050005500500005505000055550005555555555555555
0 0 14 16 89d63b4b 5555555555555555555555555555555555555555555555555555505500000000
0 0 14 23 efa65b15 0000000002222220000220000002200000022000000220000002200000000000
0 0 15 11 e7c837fb 0000000055555555000000000000000000000000000000000000000000000000
0 0 15 12 1e7c09bc 0000055500000555000005550000055500000555000055550000555500005555
0 0 15 13 d6cfcdad 0000555500005550000055500000555500000000000000000000000000000000
0 0 15 14 d54afdca 0000000000000000000500000005500000055000000550000005550000055500
0 0 15 15 0b08a449 0005550000055550000555500005555000555505005555055555550555555500
0 0 15 16 ec16063d 5555550055555500555555005555550055555500555555005555550000000000
0 0 15 23 5d8d1135 0000000000002000000020000002200000022000000220000002200000000000
0 0 16 11 14c1479a 0000000050000000555500000000500000000500000000500000000500000005
0 0 16 12 116d3196 0000000550000000550000005550000055500000555000000550000005500000
0 0 16 13 4f7768a3 0500000505000005500000050000005500000055000005550000055500005555
0 0 16 14 70e756c0 0005555505555555005555550055555000055500000550000005500000005000
0 0 16 15 f09e68c4 0000500000000500000005000000005000000050000000555555555555555555
0 0 16 16 16139702 5555555555555555055555550555555500555555005555550005555500000000
0 0 16 23 d51e9935 0000000002222220020000200200002002000220020002200222222000000000
0 0 17 8 0a10c24c 0000000000020000002020000020200002000200022222002000002020000020
0 0 17 11 d52bf9e1 0000000000000000000000000000000000000000000000050000005000000500
0 0 17 12 7e819021 5000500050005000500500005005000050500000505000005550000055500000
0 0 17 13 fe295c67 5500000055000000550000055500000555000005550000055500000555000005
0 0 17 14 36b358e4 5500000505000005050000000500000005000000050000000050000000500000
0 0 17 15 f48683f2 0050000000550000000500000005000000005000000055000000555500000555
0 0 17 16 f1ca9a54 5000055550000055550000555500000555500000555000005550000000000000
0 0 17 23 f4266b77 0000000002220020022020200220022002200020022000200220002000000000
0 0 18 8 cd1b5138 0000000002000020020000200200002002000020020000200200002000222200
0 0 18 10 1f575005 0000000000000000000000000000000000020000000200000002000000020000
0 0 18 11 21699b0c 0000000500055550005550000500000050000000000000000000000000000000
0 0 18 11 fc7ff905 0002000000020000000200000002000000020000000200000002000000020000
0 0 18 12 7fa3c8b3 0000005500005555000555550055555505555555055555555555555555555000
0 0 18 12 fc7ff905 0002000000020000000200000002000000020000000200000002000000020000
0 0 18 13 afd952b0 5555000055500000555000005500000055000000500000005000000050000000
0 0 18 13 fc7ff905 0002000000020000000200000002000000020000000200000002000000020000
0 0 18 14 cffc4659 5000000050000000500000005000000055000000050000000550000000500000
0 0 18 14 fc7ff905 0002000000020000000200000002000000020000000200000002000000020000
0 0 18 15 5d96314b 0055000000055000000055000000055500000000000000005555555555555555
0 0 18 15 fc7ff905 0002000000020000000200000002000000020000000200000002000000020000
0 0 18 16 c4497b04 5555555555555555555555555555555555555555055555550055555500005555
0 0 18 16 fc7ff905 0002000000020000000200000002000000020000000200000002000000020000
0 0 18 17 fc7ff905 0002000000020000000200000002000000020000000200000002000000020000
0 0 18 18 fc7ff905 0002000000020000000200000002000000020000000200000002000000020000
0 0 18 19 fc7ff905 0002000000020000000200000002000000020000000200000002000000020000
0 0 18 20 fc7ff905 0002000000020000000200000002000000020000000200000002000000020000
0 0 18 21 7b5bc30c 0002000000020000000200000002000000020000000200000002000000002000
0 0 18 22 0ab7c700 0000200000000200000000220000000000000000000000000000000000000000
0 0 19 8 48ac3ebb 0000000022222220000200000002000000020000000200000002000000020000
0 0 19 11 8ed7ba39 0000000000000000000000000000000020002002220220202020202020002022
0 0 19 11 968d1844 5500000005555000000055500000005500000005000000000000000000000000
0 0 19 12 7fc04dff 2000202020002020200020200000000000000000000000000000000000000000
0 0 19 12 d1f7b566 5500000055550000555550005555550055555500555555505555555000055555
0 0 19 13 21bf4a4e 0000555500000555000005550000005500000055000000050000000500000005
0 0 19 14 45cfef81 0000000500000005000000050000000500000055000000500000005000000500
0 0 19 14 eb6f1a49 0000000000222200020000200200002002000020020000200200002000222200
0 0 19 15 5d96314b 0055000000055000000055000000055500000000000000005555555555555555
0 0 19 15 d225e3a5 0000000000000000000000000000000022200222200202002002020022200222
0 0 19 16 0e694d5f 5555555555555555555555555555555555555555555555505555550055550000
0 0 19 16 267a05f6 2200020020200200200202220000000000000000000000000000000000000000
0 0 19 17 715fb1d0 0000000000000000000022200000200200002220000020020000222000000000
0 0 19 18 eebe0605 0000000200000002000000020000000200000002000000020000000200000002
0 0 19 19 aebf3445 0000000200000002000000020000000200000002000000020000000200000000
0 0 19 20 282e84a4 0000022000002000000020000000200000000220000000000000000000000000
0 0 19 22 f5cedc9b 0000000000000000000000002222222200000000000000000000000000000000
0 0 19 23 5d8d1135 0000000000002000000020000002200000022000000220000002200000000000
0 0 19 23 d4600d60 0000000000000000000000000000044400044000004000000400000004000000
0 0 19 24 eebe0605 0000000400000004000000040000000400000004000000040000000400000004
0 0 19 25 296fd822 4000000040000000400000004000000040000000400000004000000004000000
0 0 19 26 7457891c 0400000000400000000440000000044400000000000000000000000000000000
0 0 20 8 eb6f1a49 0000000000222200020000200200002002000020020000200200002000222200
0 0 20 11 abc5e0e7 0000000000000000000000000000000050000000550000000550000000500000
0 0 20 11 b0cb6b28 0000000000000000000000000000000020020002020200020200202022000200
0 0 20 12 1a39a9a8 0200202002020002020200020000000000000000000000000000000000000000
0 0 20 12 bd134d6a 0005000000050000000050000000500000005500000005000000050000000550
0 0 20 13 52e5f83c 0222220022000220220002200222220022000220220002200222220000000000
0 0 20 13 b3fb85f3 0000055000000050500000505000005050000050500000505000005050000050
0 0 20 14 6bc98dcc 0000000002000020022000200202002002002020020002200200002002000020
0 0 20 14 73c32e0e 5000005000000050000000500000005000000050000000500000055000000500
0 0 20 15 434a2beb 0000050000005500000050000000500000055000005500005555000055550000
0 0 20 15 a18be83c 0000000000000000000000000000000000220022020020200200002000220022
0 0 20 16 6b8f0a61 0000202002002020002200200000000000000000000000000000000000000000
0 0 20 16 ad7a693c 5550000055000000550000005000000000000000000000000000000000000000
0 0 20 17 0d674728 0000000000000000002200220200202002002020020020200022002200000000
0 0 20 18 68f98ec1 2222222200000000000000000000000000000000000000000000000022222222
0 0 20 19 a39ed6cb 0000000000000000000000000000000000000000000000002222222200000000
0 0 20 20 320981d6 0220020020020200200202002002020002200022000000000000000000000000
0 0 20 22 f5cedc9b 0000000000000000000000002222222200000000000000000000000000000000
0 0 20 23 d6dd1ebf 0000000002222220020000000222222000000020022000200222222000000000
0 0 20 23 f5cedc9b 0000000000000000000000004444444400000000000000000000000000000000
0 0 20 26 f5cedc9b 0000000000000000000000004444444400000000000000000000000000000000
0 0 20 28 1ea5ff35 0000000077777777777777777777777777777777777777777777777700000000
0 0 20 29 1ea5ff35 0000000077777777777777777777777777777777777777777777777700000000
0 0 21 5 eb6f1a49 0000000000222200020000200200002002000020020000200200002000222200
0 0 21 8 6745398b 0000000020000020220002202020202020020020200000202000002020000020
0 0 21 11 0fa6b585 0000000000000000000000000000000600000006000000060000006600000066
0 0 21 11 ecaf85dd 0000000000000000000000000000000000000220000020020000200000000220
0 0 21 12 075cf305 0000006600000066000000660000006600000066000000660000006600000066
0 0 21 12 84fe6ff8 0000000200002002000002200000000000000000000000000000000000000000
0 0 21 13 a9b10778 2222220000000220000002200022220000000220000002202222220000000000
0 0 21 13 e36304c5 0000006600000066000000060000000600000006000000060000000600000006
0 0 21 14 ecbfee05 0000000600000006000000060000000600000006000000060000000600000006
0 0 21 15 a3a699b4 0000000000000000000000000000000020002200020200200202002020020020
0 0 21 15 ecbfee05 0000000600000006000000060000000600000006000000060000000600000006
0 0 21 16 b49f5e40 0002002000020020000022000000000000000000000000000000000000000000
0 0 21 17 ba019d34 0000000000000000202000200202020002002000020020002000200000000000
0 0 21 18 68f98ec1 2222222200000000000000000000000000000000000000000000000022222222
0 0 21 19 a39ed6cb 0000000000000000000000000000000000000000000000002222222200000000
0 0 21 20 f7316374 2022200020200202202220002020200000200202000000000000000000000000
0 0 21 22 f5cedc9b 0000000000000000000000002222222200000000000000000000000000000000
0 0 21 23 f5cedc9b 0000000000000000000000004444444400000000000000000000000000000000
0 0 21 26 f5cedc9b 0000000000000000000000004444444400000000000000000000000000000000
0 0 21 28 1ea5ff35 0000000077777777777777777777777777777777777777777777777700000000
0 0 21 29 1ea5ff35 0000000077777777777777777777777777777777777777777777777700000000
0 0 22 5 f6714551 0000000002222200020000200200002002222200020000000200000002000000
0 0 22 8 0a10c24c 0000000000020000002020000020200002000200022222002000002020000020
0 0 22 11 d51a9f93 0000000066666666600000006000000060000000600000006000000060000000
0 0 22 11 eaf181fd 0000000000000000000000000000000002220022020020200200202002220022
0 0 22 12 48d75f10 6000006660000066600000666000006660000066660000666600000666000006
0 0 22 12 8a67e549 0200002002000020020000220000000000000000000000000000000000000000
0 0 22 13 02d46c05 6600000666000006660000066600000666000000660000006600000066000000
0 0 22 13 a44f78f2 0222220022000220220002202200022022000220220002200222220000000000
0 0 22 14 f1ad9f51 6600000066000000660000006660000066600000666000006660000066600000
0 0 22 15 4154127d 0000000000000000000000000000000020020022200202002202020022220022
0 0 22 15 6c36d809 6660000066600000666000006660000066600000666000006666666666666666
0 0 22 16 4a65325a 2022000020020200200200220000000000000000000000000000000000000000
0 0 22 16 a2cbca54 6666666666666666666666666666666666666666666666666666666600000000
0 0 22 17 85b05b90 0000000000000000000222020000200200002002000020020000200000000000
0 0 22 18 68f98ec1 2222222200000000000000000000000000000000000000000000000022222222
0 0 22 19 a39ed6cb 0000000000000000000000000000000000000000000000002222222200000000
0 0 22 20 31058363 2220222000002000220022200020200022002220000000000000000000000000
0 0 22 22 f5cedc9b 0000000000000000000000002222222200000000000000000000000000000000
0 0 22 23 3cf572c5 0000000002222220020002200200022002000220020002200222222000000000
0 0 22 23 f5cedc9b 0000000000000000000000004444444400000000000000000000000000000000
0 0 22 26 f5cedc9b 0000000000000000000000004444444400000000000000000000000000000000
0 0 22 28 1ea5ff35 0000000077777777777777777777777777777777777777777777777700000000
0 0 22 29 1ea5ff35 0000000077777777777777777777777777777777777777777777777700000000
0 0 23 5 48ac3ebb 0000000022222220000200000002000000020000000200000002000000020000
0 0 23 8 48ac3ebb 0000000022222220000200000002000000020000000200000002000000020000
0 0 23 11 27374003 0000000066600000006666000000006600000006000000000000000000000000
0 0 23 11 a3a85149 0000000000000000000000000000000020222022002000200020002020222020
0 0 23 12 9ce6c20b 0020002000200020202220220000000000000000000000000000000000000000
0 0 23 12 ee234877 6666000066666000666660006666660066666600666666006666660006666600
0 0 23 13 70bca6b4 0066660000666600006666006666600000000000000000000000000000000000
0 0 23 13 a49f8336 2000000020000000200200002020020222000020202000202002002000000000
0 0 23 14 e828383f 0000000000000066600000666000000666000000660000006660000066660000
0 0 23 15 692bb2f2 6666000066666000666660006666660066666600666666606666666666666666
0 0 23 15 ddee2c32 0000000000000000000000000000000000222000202000000020000000222000
0 0 23 16 57fcc6ba 6666666666066666660666666600666666006666600006660000006600000000
0 0 23 16 7714021c 2020000020200000002220000000000000000000000000000000000000000000
0 0 23 17 80b489bf 0000000000000000002022200020200200202220002020202200200200000000
0 0 23 18 68f98ec1 2222222200000000000000000000000000000000000000000000000022222222
0 0 23 19 a39ed6cb 0000000000000000000000000000000000000000000000002222222200000000
0 0 23 20 89dd4bc0 0002220200002002000020020000200200002000000000000000000000000000
0 0 23 22 f5cedc9b 0000000000000000000000002222222200000000000000000000000000000000
0 0 23 23 de3fa927 0000000002222200020000000222222000000220000002200222222000000000
0 0 23 23 f5cedc9b 0000000000000000000000004444444400000000000000000000000000000000
0 0 23 24 0461fa5f 0000000000000000000000000000000000000444000444440444444444444444
0 0 23 25 382ac064 0444444400044444000004440000000000000000000000000000000000000000
0 0 23 26 f5cedc9b 0000000000000000000000004444444400000000000000000000000000000000
0 0 23 28 1ea5ff35 0000000077777777777777777777777777777777777777777777777700000000
0 0 24 5 f0417735 0000000000222000000200000002000000020000000200000002000000222000
0 0 24 8 5c4599a8 0000000000000000000000000000000000000000000000000000000000022222
0 0 24 8 f0417735 0000000000222000000200000002000000020000000200000002000000222000
0 0 24 11 0f7b456a 0000000000000000000000000000000020000000020000000200000002000000
0 0 24 11 ef77b957 0000000000000000000000000000000060000000660000000600000000600000
0 0 24 12 33cbfb66 0200000002000000200000000000000000000000000000000000000000000000
0 0 24 12 8486e52d 0060000000660000000600000006000000060000000600000006600600066006
0 0 24 13 106f6fa1 0006600600066006000600060006000600060006006600660060006606000066
0 0 24 13 40ef8ec2 0000002000000020000002000200020020200200202020002020200000000000
0 0 24 14 c4307bc7 6600006660000066000000660000066660000666660006660600066600600666
0 0 24 15 70609a01 0066066600060666000066660000666600000666000006666666666666666666
0 0 24 16 271123b0 6666666666666666666666666666666666666666666666666666666600000000
0 0 24 17 74c90bc8 0000000000000000020020000220200002022000020020000200200000000000
0 0 24 18 68f98ec1 2222222200000000000000000000000000000000000000000000000022222222
0 0 24 19 a39ed6cb 0000000000000000000000000000000000000000000000002222222200000000
0 0 24 20 62d95f7f 0020222000202002002022200020202022002002000000000000000000000000
0 0 24 22 f5cedc9b 0000000000000000000000002222222200000000000000000000000000000000
0 0 24 23 f5cedc9b 0000000000000000000000004444444400000000000000000000000000000000
0 0 24 24 ed448b98 0000000000000000000000000000000000444000004444400044444400444444
0 0 24 25 a8aca826 0044444400444440004440000000000000000000000000000000000000000000
0 0 24 26 f5cedc9b 0000000000000000000000004444444400000000000000000000000000000000
0 0 24 28 6344bec5 0000000077770000777700007777000077770000777700007777000000000000
0 0 25 5 eb6f1a49 0000000000222200020000200200002002000020020000200200002000222200
0 0 25 8 0fe34ef9 0000000000222200020000200200000002000000020000000200002000222200
0 0 25 8 5bb301db 0000000000000000000000000000000000000000000000000000000022222222
0 0 25 11 080a7a59 0000066600006600000066000006600000666000006660000666600066666000
0 0 25 12 6eb7d267 6666600066666000666600006666000066660000666600006666000066660000
0 0 25 13 599f9a85 6666000066660000666000006660000066600000666000006660000066600000
0 0 25 13 895479f2 2000000020000000202000002202000020020000200200002002000000000000
0 0 25 14 9e90fe7f 6660000066000000660000006600000066000000660000006600000066000000
0 0 25 15 f2edd95b 6000000060000000600000066000000660000006600000666666666666666660
0 0 25 16 97cc10eb 6666666066666660666666606666666066666600666600006660000000000000
0 0 25 18 68f98ec1 2222222200000000000000000000000000000000000000000000000022222222
0 0 25 19 a39ed6cb 0000000000000000000000000000000000000000000000002222222200000000
0 0 25 20 7f8ed318 0200200002202000020220000200200002002000000000000000000000000000
0 0 25 22 f5cedc9b 0000000000000000000000002222222200000000000000000000000000000000
0 0 25 23 f5cedc9b 0000000000000000000000004444444400000000000000000000000000000000
0 0 25 24 cd37e522 0000000000000000000000000000000000000000000000004000000044000000
0 0 25 25 350d96c4 4000000000000000000000000000000000000000000000000000000000000000
0 0 25 26 f5cedc9b 0000000000000000000000004444444400000000000000000000000000000000
0 0 26 5 6bc98dcc 0000000002000020022000200202002002002020020002200200002002000020
0 0 26 8 5bb301db 0000000000000000000000000000000000000000000000000000000022222222
0 0 26 11 360b5cc6 6600000006600000006000000066000000060000000600000000600000006000
0 0 26 12 0d3ef14b 0000000000000000000000000000000000000000000000000200200022020202
0 0 26 12 f0faf065 0000060000000600000006600000006000000066060000066600000666600000
0 0 26 13 5983a238 0202020202020202020020000000000000000000000000000000000000000000
0 0 26 13 8042d617 6660000066600000606600006066000060666000606660006066600060066600
0 0 26 14 273df284 0000000000000000000000000000000000000000000000000002220200020202
0 0 26 14 3cda124b 6006660060006660666666600000000000000000000000000000000000000000
0 0 26 15 5a044a59 0000020200002000000020020000000000000000000000000000000000000000
0 0 26 15 94d39dda 0000000000000000666666666666666666666666666666666666666600006666
0 0 26 16 08bb6bd9 0000666600006666000006660000066600000066000000660000006600000000
0 0 26 16 6f723f60 0000000000000000000000000000000000000000000000000002220000020002
0 0 26 17 38ade4d1 0002200200000202000220000000000000000000000000000000000000000000
0 0 26 18 e4224afc 2000000020000000200000002000000020000000200000002002200220000202
0 0 26 19 b4d168e2 2000200220020000200222022000000020000000200000002000000000000000
0 0 26 22 f5cedc9b 0000000000000000000000002222222200000000000000000000000000000000
0 0 26 23 f5cedc9b 0000000000000000000000004444444400000000000000000000000000000000
0 0 26 26 f5cedc9b 0000000000000000000000004444444400000000000000000000000000000000
0 0 27 8 5bb301db 0000000000000000000000000000000000000000000000000000000022222222
0 0 27 8 f6714551 0000000002222200020000200200002002222200020000000200000002000000
0 0 27 11 ffbb3135 0000000000000000000000000000000000000000000000000000000600000066
0 0 27 12 b8a81d93 0000000000000000000000000000000000000000000000002000200002020200
0 0 27 12 c7bab62c 0000066600006660000666600066666000666660066666606666666066666660
0 0 27 13 92f91013 6666666066666660066666600666666000666660006606600006066000066660
0 0 27 13 e1eb94fb 0202020202020202200020020000000200000002000000020000000200000002
0 0 27 14 02be565e 0006606600006066000066660000060600000666000000660000006600000006
0 0 27 14 42d98f1b 0000000200000002000000020000000200000002000000022200200200020202
0 0 27 14 eb6f1a49 0000000000222200020000200200002002000020020000200200002000222200
0 0 27 15 899cef98 2002020202020202200020020000000200000002000000020000000200000002
0 0 27 15 fed80070 0000000600000006660000006660000066600000666600006666666666666666
0 0 27 16 643d2f83 6666666666666666666666666666666666666666666666666666666000000000
0 0 27 16 ad9f1293 0000000200000002000000020000000200000002000000022000200202020202
0 0 27 17 e1eb94fb 0202020202020202200020020000000200000002000000020000000200000002
0 0 27 18 42d98f1b 0000000200000002000000020000000200000002000000022200200200020202
0 0 27 19 899cef98 2002020202020202200020020000000200000002000000020000000200000002
0 0 27 20 a42f9d80 0000000200000002000000020000000200000002000000020000200200020202
0 0 27 21 38a4f774 0002020200020200000020000000000000000000000000000000000000000000
0 0 27 22 f5cedc9b 0000000000000000000000002222222200000000000000000000000000000000
0 0 27 23 f5cedc9b 0000000000000000000000004444444400000000000000000000000000000000
0 0 27 26 f5cedc9b 0000000000000000000000004444444400000000000000000000000000000000
0 0 28 8 0a10c24c 0000000000020000002020000020200002000200022222002000002020000020
0 0 28 8 5bb301db 0000000000000000000000000000000000000000000000000000000022222222
0 0 28 11 b1a9859c 0000000600006666000600000060000006000000600000006000000000000000
0 0 28 12 3924b93d 0000000000000000002220220200002000220022000020200222002000000000
0 0 28 12 eb287b64 0000000000000066000000660000066600000666000066660000666600006006
0 0 28 13 8ccbedd3 0000600000006000000060000000600000006000000066000000060000000600
0 0 28 14 b500c636 0000060000000660000000606000006660000006600000066600000066000000
0 0 28 14 eef9eb61 0000000002222220020000000200000002222200020000000200000002000000
0 0 28 15 610183c2 0660000066600000606600006666600006066000066666006660666666606666
0 0 28 16 58af2f1f 6666066666666666666666666666666666666666666666660000666600000066
0 0 28 21 5bb301db 0000000000000000000000000000000000000000000000000000000022222222
0 0 28 22 f5cedc9b 0000000000000000000000002222222200000000000000000000000000000000
0 0 28 23 d4600d60 0000000000000000000000000000044400044000004000000400000004000000
0 0 28 24 eebe0605 0000000400000004000000040000000400000004000000040000000400000004
0 0 28 25 296fd822 4000000040000000400000004000000040000000400000004000000004000000
0 0 28 26 7457891c 0400000000400000000440000000044400000000000000000000000000000000
0 0 28 31 72d15bbf 0000000000000000000000000000000000000000055555550555555505555555
0 0 28 32 39cf8785 0555555505555555055555550555555505555555055555550555555505555555
0 0 28 33 39cf8785 0555555505555555055555550555555505555555055555550555555505555555
0 0 28 34 39cf8785 0555555505555555055555550555555505555555055555550555555505555555
0 0 28 35 39cf8785 0555555505555555055555550555555505555555055555550555555505555555
0 0 29 8 5bb301db 0000000000000000000000000000000000000000000000000000000022222222
0 0 29 8 cd1b5138 0000000002000020020000200200002002000020020000200200002000222200
0 0 29 11 b70eb383 6600000006666600000006600000000600000006000000000000000000000000
0 0 29 12 2b39b120 0000000000000000200222020202000220022202000200020002220200000000
0 0 29 12 6ba12131 6666600066666660666666666666666666666666666666666666666666666666
0 0 29 13 3218634b 6666666606666666006666660000066600000666000006660000006600000066
0 0 29 14 ebc55751 0000006600000066000000060000000600000006600000066000000606000000
0 0 29 14 eef9eb61 0000000002222220020000000200000002222200020000000200000002000000
0 0 29 15 9d039e84 0660000000660000000666000000066600000006000000006666666666666666
0 0 29 16 422c43a6 6666666666666666666666666666666666666666666666666666666666666000
0 0 29 21 5bb301db 0000000000000000000000000000000000000000000000000000000022222222
0 0 29 22 f5cedc9b 0000000000000000000000002222222200000000000000000000000000000000
0 0 29 30 69ef7345 0000000000000000000000000000000005555555055555550555555505555555
0 0 29 31 39cf8785 0555555505555555055555550555555505555555055555550555555505555555
0 0 29 32 39cf8785 0555555505555555055555550555555505555555055555550555555505555555
0 0 29 33 39cf8785 0555555505555555055555550555555505555555055555550555555505555555
0 0 29 34 39cf8785 0555555505555555055555550555555505555555055555550555555505555555
0 0 29 35 39cf8785 0555555505555555055555550555555505555555055555550555555505555555
0 0 30 8 2bb2b64b 0000000000000000000000000000000000000000000000000000000022222200
0 0 30 8 d275317c 0000000000222200020000200200000000222200000000200200002000222200
0 0 30 11 200e5fe3 0000000000666666066000006660000066600000666600006666000066660000
0 0 30 12 26ed64ba 0000000000000000220222000002002022020020000200202202220000000000
0 0 30 12 5b9fde61 6666000006660000066660006666600066666000666660006666660066666600
0 0 30 13 d77739e5 6666660066666600666666606666666066666660666666606666666666666666
0 0 30 14 89162ecd 6666666666666666666666666666666666666666666666666666666666666666
0 0 30 15 432601f3 6666666666666666666660666666000660000006000000066666666666666666
0 0 30 16 39e82edc 6666666666666666666666666666666666666666666666666066666600000000
0 0 30 21 5bb301db 0000000000000000000000000000000000000000000000000000000022222222
0 0 30 22 f5cedc9b 0000000000000000000000002222222200000000000000000000000000000000
0 0 30 29 035e78e5 0000000000000000000000000000000000000000000000000555555505555555
0 0 30 30 39cf8785 0555555505555555055555550555555505555555055555550555555505555555
0 0 30 31 39cf8785 0555555505555555055555550555555505555555055555550555555505555555
0 0 30 32 39cf8785 0555555505555555055555550555555505555555055555550555555505555555
0 0 30 33 39cf8785 0555555505555555055555550555555505555555055555550555555505555555
0 0 30 34 39cf8785 0555555505555555055555550555555505555555055555550555555505555555
0 0 30 35 39cf8785 0555555505555555055555550555555505555555055555550555555505555555
0 0 31 8 395ea23c 0000000002222220020000000200000002222200020000000200000002222220
0 0 31 8 d225e3a5 0000000000000000000000000000000022200222200202002002020022200222
0 0 31 9 899dd7ea 2000020020000200200002220000000000000000000000000000000000000000
0 0 31 11 e7c837fb 0000000066666666000000000000000000000000000000000000000000000000
0 0 31 12 4b0dc843 0666666600666666006666660066666600660000006600000006000000060000
0 0 31 13 7b56cccf 0006666600006666000000000000000000000000000000000000000000000000
0 0 31 14 e0cfdd69 0000066600000066600000666000006060000006600000066600000666000006
0 0 31 15 bf4a868f 6600000066000000666000006660000066600000666000006666666666666666
0 0 31 16 9e572ce6 6666666666666666666666666666666666666666666666666666666600000000
0 0 31 21 5bb301db 0000000000000000000000000000000000000000000000000000000022222222
0 0 31 22 f5cedc9b 0000000000000000000000002222222200000000000000000000000000000000
0 0 31 29 69ef7345 0000000000000000000000000000000005555555055555550555555505555555
0 0 31 30 39cf8785 0555555505555555055555550555555505555555055555550555555505555555
0 0 31 31 39cf8785 0555555505555555055555550555555505555555055555550555555505555555
0 0 31 32 39cf8785 0555555505555555055555550555555505555555055555550555555505555555
0 0 31 33 39cf8785 0555555505555555055555550555555505555555055555550555555505555555
0 0 31 34 39cf8785 0555555505555555055555550555555505555555055555550555555505555555
0 0 31 35 39cf8785 0555555505555555055555550555555505555555055555550555555505555555
0 0 32 8 eaf181fd 0000000000000000000000000000000002220022020020200200202002220022
0 0 32 9 bec1f998 0220002002020020020020200000000000000000000000000000000000000000
0 0 32 11 4861395e 0000000060066666066600000666600006666000006660000066660000666600
0 0 32 11 504b0a4d 0000022000002002000020020000222200002002000020020000200200000000
0 0 32 12 c596eed8 6666660066666600666666606666666000666660000666660000666600000666
0 0 32 13 e09266d9 6666666666666666000006660000066600000666000000660000006600000066
0 0 32 14 f70307bd 6666666666666666666666660000666600000666000000660000000600000000
0 0 32 15 a0b3c4c7 6000000060000000600000000666666600000000000000006666666666666666
0 0 32 16 d9084bdc 6666666666666666666666666666666666666666666666666666666600000000
0 0 32 21 5bb301db 0000000000000000000000000000000000000000000000000000000022222222
0 0 32 22 f5cedc9b 0000000000000000000000002222222200000000000000000000000000000000
0 0 32 29 0b9ac1ff 0000000000000000000000000555555505555555055555550555555505555555
0 0 32 30 39cf8785 0555555505555555055555550555555505555555055555550555555505555555
0 0 32 31 39cf8785 0555555505555555055555550555555505555555055555550555555505555555
0 0 32 32 39cf8785 0555555505555555055555550555555505555555055555550555555505555555
0 0 32 33 39cf8785 0555555505555555055555550555555505555555055555550555555505555555
0 0 32 34 39cf8785 0555555505555555055555550555555505555555055555550555555505555555
0 0 32 35 39cf8785 0555555505555555055555550555555505555555055555550555555505555555
0 0 33 8 0fda90b4 0000000000000000000000000000000020022002002002020020020220200202
0 0 33 9 d94fc0f4 0020020200200202000220020000000000000000000000000000000000000000
0 0 33 11 1c6e111d 0022002202000200020002000200020002000200020002000022002200000000
0 0 33 11 31062d40 0000000066666000000066660000000000000000000000000000000000000000
0 0 33 12 088f37be 0006666000066666000066660000666600006666000006660000066600000666
0 0 33 13 14c7f017 6000006660000066600000666000006666000000660000006600000066600000
0 0 33 14 5548d48d 6660000066600000666000006666000066660000666600006666600066666000
0 0 33 15 06ebf20e 0666600000666600000666006666660000666600006666606666666666666666
0 0 33 16 b0aa1f03 6666666666666666666666666666666666666666666666666666660000000000
0 0 33 21 5bb301db 0000000000000000000000000000000000000000000000000000000022222222
0 0 33 22 f5cedc9b 0000000000000000000000002222222200000000000000000000000000000000
0 0 33 29 0b9ac1ff 0000000000000000000000000555555505555555055555550555555505555555
0 0 33 30 39cf8785 0555555505555555055555550555555505555555055555550555555505555555
0 0 33 31 39cf8785 0555555505555555055555550555555505555555055555550555555505555555
0 0 33 32 39cf8785 0555555505555555055555550555555505555555055555550555555505555555
0 0 33 33 39cf8785 0555555505555555055555550555555505555555055555550555555505555555
0 0 33 34 39cf8785 0555555505555555055555550555555505555555055555550555555505555555
0 0 33 35 39cf8785 0555555505555555055555550555555505555555055555550555555505555555
0 0 34 8 fe70701d 0000000000000000000000000000000022002000002022020020202022002000
0 0 34 9 75ba919f 2000200002002000002020000000000000000000000000000000000000000000
0 0 34 11 c033b67e 0000000000000000000000006600000000660006000666660000666600000666
0 0 34 11 da9cb84d 0222020002000200020002000222020002000200020002000222022200000000
0 0 34 12 f2a821c6 0000006660000066660000066600000666600000666000006666000066660000
0 0 34 13 bf60949f 6666000066660000666600006660000000000000000000000000000000000000
0 0 34 14 89554501 0000000600000066060000060600000006600000006600000066600000666000
0 0 34 15 ddd4ef97 0066660000066660000666660006666600006666000066666666666666666666
0 0 34 16 2174e5ac 6666666666666666666666666666666666666666666666666666666600000000
0 0 34 21 5bb301db 0000000000000000000000000000000000000000000000000000000022222222
0 0 34 22 f5cedc9b 0000000000000000000000002222222200000000000000000000000000000000
0 0 34 29 0b9ac1ff 0000000000000000000000000555555505555555055555550555555505555555
0 0 34 30 39cf8785 0555555505555555055555550555555505555555055555550555555505555555
0 0 34 31 39cf8785 0555555505555555055555550555555505555555055555550555555505555555
0 0 34 32 39cf8785 0555555505555555055555550555555505555555055555550555555505555555
0 0 34 33 39cf8785 0555555505555555055555550555555505555555055555550555555505555555
0 0 34 34 39cf8785 0555555505555555055555550555555505555555055555550555555505555555
0 0 34 35 39cf8785 0555555505555555055555550555555505555555055555550555555505555555
0 0 35 8 8396c465 0000000000000000000000000000000020022002202002022020020220222202
0 0 35 9 3738a24a 2020020220200202202002020000000000000000000000000000000000000000
0 0 35 11 061472ac 0000006600066606006600000660000066000000660000006600000066000000
0 0 35 11 83d57a8d 0222022202000200020002000222022202000220020002020222020000000000
0 0 35 12 3add8d1c 6600000066000006660000066660000066600000666000006666000006660000
0 0 35 13 cb851a20 0666600006666000066666000666666006666666066666660666666666666666
0 0 35 14 da099625 6666666666666666666666666666666606666666006666660066666600066666
0 0 35 15 29e38a98 0000666600000666000000660000006660000006600000006666666666666666
0 0 35 16 d88e0beb 6666666666666666666666666666666666666666666666666666666600000666
0 0 35 21 5bb301db 0000000000000000000000000000000000000000000000000000000022222222
0 0 35 22 f5cedc9b 0000000000000000000000002222222200000000000000000000000000000000
0 0 35 29 0b9ac1ff 0000000000000000000000000555555505555555055555550555555505555555
0 0 35 30 39cf8785 0555555505555555055555550555555505555555055555550555555505555555
0 0 35 31 39cf8785 0555555505555555055555550555555505555555055555550555555505555555
0 0 35 32 39cf8785 0555555505555555055555550555555505555555055555550555555505555555
0 0 35 33 39cf8785 0555555505555555055555550555555505555555055555550555555505555555
0 0 35 34 39cf8785 0555555505555555055555550555555505555555055555550555555505555555
0 0 35 35 39cf8785 0555555505555555055555550555555505555555055555550555555505555555
0 0 36 8 a7042508 0000000000000000000000000000000000200220002020002020200022202000
0 0 36 9 6e152705 0220200000202000002002200000000000000000000000000000000000000000
0 0 36 11 26c4973e 6000000066600000000660000000066000000006000000000000000006660006
0 0 36 11 315bc71e 0002200220200200202002000022220000200200002002002020020000000000
0 0 36 12 8e17f2ab 6666660666666666666666666666666666066600060000000060000000066000
0 0 36 13 ce4cd79d 0000066000000006000000000000000000000000660000006660000066666000
0 0 36 14 3474816c 6666666666666666666666666666666666666666666666666666666666606666
0 0 36 15 edc157ca 6660666666600666660000666600000666000000666000006666666666666666
0 0 36 16 d4728a9d 6666666666666666666666666666666666666666666666666666666666666000
0 0 36 21 5bb301db 0000000000000000000000000000000000000000000000000000000022222222
0 0 36 22 f5cedc9b 0000000000000000000000002222222200000000000000000000000000000000
0 0 36 29 0b9ac1ff 0000000000000000000000000555555505555555055555550555555505555555
0 0 36 30 39cf8785 0555555505555555055555550555555505555555055555550555555505555555
0 0 36 31 39cf8785 0555555505555555055555550555555505555555055555550555555505555555
0 0 36 32 39cf8785 0555555505555555055555550555555505555555055555550555555505555555
0 0 36 33 39cf8785 0555555505555555055555550555555505555555055555550555555505555555
0 0 36 34 39cf8785 0555555505555555055555550555555505555555055555550555555505555555
0 0 36 35 39cf8785 0555555505555555055555550555555505555555055555550555555505555555
0 0 37 8 3002a481 0000000000000000000000000000000022200000200000002000000022200222
0 0 37 9 03f361e2 2000000020000000222000000000000000000000000000000000000000000000
0 0 37 11 49604316 2202002220020200200202002002020020020200200202002002002200000000
0 0 37 11 c5e9f0c5 0000000000000000000000000000000000000000000000060000000600000006
0 0 37 12 350d96c4 6000000000000000000000000000000000000000000000000000000000000000
0 0 37 13 fad66ce3 0000000060000000066000000066000000006000000006000000006000000006
0 0 37 14 548cfb7e 0000000660000000660000006660000066660000666660006666600066666000
0 0 37 15 76733cc4 6666660066666600666666006666600006666000000000006666666666666666
0 0 37 16 2486b224 6666666666666666666666666666666666666666666666606600000000000000
0 0 37 21 5bb301db 0000000000000000000000000000000000000000000000000000000022222222
0 0 37 22 f5cedc9b 0000000000000000000000002222222200000000000000000000000000000000
0 0 37 29 0b9ac1ff 0000000000000000000000000555555505555555055555550555555505555555
0 0 37 30 39cf8785 0555555505555555055555550555555505555555055555550555555505555555
0 0 37 31 39cf8785 0555555505555555055555550555555505555555055555550555555505555555
0 0 37 32 39cf8785 0555555505555555055555550555555505555555055555550555555505555555
0 0 37 33 39cf8785 0555555505555555055555550555555505555555055555550555555505555555
0 0 37 34 39cf8785 0555555505555555055555550555555505555555055555550555555505555555
0 0 37 35 39cf8785 0555555505555555055555550555555505555555055555550555555505555555
0 0 38 8 5bb301db 0000000000000000000000000000000000000000000000000000000022222222
0 0 38 11 9895dace 0020020020200200202202002022220020202200202002000020020000000000
0 0 38 14 8d06c3ad 6000000060000000060000000600000000600000006000000066000000060000
0 0 38 15 b0d432cc 0006000000066000000060000000600000006000000060006666600066666000
0 0 38 16 6dbcfc74 6666600066666000666600006660000066000000000000000000000000000000
0 0 38 21 5bb301db 0000000000000000000000000000000000000000000000000000000022222222
0 0 38 22 f5cedc9b 0000000000000000000000002222222200000000000000000000000000000000
0 0 38 29 0b9ac1ff 0000000000000000000000000555555505555555055555550555555505555555
0 0 38 30 39cf8785 0555555505555555055555550555555505555555055555550555555505555555
0 0 38 31 39cf8785 0555555505555555055555550555555505555555055555550555555505555555
0 0 38 32 39cf8785 0555555505555555055555550555555505555555055555550555555505555555
0 0 38 33 39cf8785 0555555505555555055555550555555505555555055555550555555505555555
0 0 38 34 39cf8785 0555555505555555055555550555555505555555055555550555555505555555
0 0 38 35 39cf8785 0555555505555555055555550555555505555555055555550555555505555555
0 0 39 8 5bb301db 0000000000000000000000000000000000000000000000000000000022222222
0 0 39 21 5bb301db 0000000000000000000000000000000000000000000000000000000022222222
0 0 39 22 f5cedc9b 0000000000000000000000002222222200000000000000000000000000000000
0 0 39 29 0b9ac1ff 0000000000000000000000000555555505555555055555550555555505555555
0 0 39 30 39cf8785 0555555505555555055555550555555505555555055555550555555505555555
0 0 39 31 39cf8785 0555555505555555055555550555555505555555055555550555555505555555
0 0 39 32 39cf8785 0555555505555555055555550555555505555555055555550555555505555555
0 0 39 33 39cf8785 0555555505555555055555550555555505555555055555550555555505555555
0 0 39 34 39cf8785 0555555505555555055555550555555505555555055555550555555505555555
0 0 39 35 39cf8785 0555555505555555055555550555555505555555055555550555555505555555
0 0 40 8 5bb301db 0000000000000000000000000000000000000000000000000000000022222222
0 0 40 21 5bb301db 0000000000000000000000000000000000000000000000000000000022222222
0 0 40 22 f5cedc9b 0000000000000000000000002222222200000000000000000000000000000000
0 0 40 29 0b9ac1ff 0000000000000000000000000555555505555555055555550555555505555555
0 0 40 30 39cf8785 0555555505555555055555550555555505555555055555550555555505555555
0 0 40 31 39cf8785 0555555505555555055555550555555505555555055555550555555505555555
0 0 40 32 39cf8785 0555555505555555055555550555555505555555055555550555555505555555
0 0 40 33 39cf8785 0555555505555555055555550555555505555555055555550555555505555555
0 0 40 34 39cf8785 0555555505555555055555550555555505555555055555550555555505555555
0 0 40 35 39cf8785 0555555505555555055555550555555505555555055555550555555505555555
0 0 41 8 5bb301db 0000000000000000000000000000000000000000000000000000000022222222
0 0 41 21 f5c805ab 2222222200000000000000020000000000000000000000000000000000000000
0 0 41 22 f5cedc9b 0000000000000000000000002222222200000000000000000000000000000000
0 0 41 29 0b9ac1ff 0000000000000000000000000555555505555555055555550555555505555555
0 0 41 30 39cf8785 0555555505555555055555550555555505555555055555550555555505555555
0 0 41 31 39cf8785 0555555505555555055555550555555505555555055555550555555505555555
0 0 41 32 39cf8785 0555555505555555055555550555555505555555055555550555555505555555
0 0 41 33 39cf8785 0555555505555555055555550555555505555555055555550555555505555555
0 0 41 34 39cf8785 0555555505555555055555550555555505555555055555550555555505555555
0 0 41 35 39cf8785 0555555505555555055555550555555505555555055555550555555505555555
0 0 42 8 5bb301db 0000000000000000000000000000000000000000000000000000000022222222
0 0 42 21 fc3c3a90 2222222200000000220202002002022020020202200202002002020000000000
0 0 42 22 f5cedc9b 0000000000000000000000002222222200000000000000000000000000000000
0 0 42 29 0b9ac1ff 0000000000000000000000000555555505555555055555550555555505555555
0 0 42 30 39cf8785 0555555505555555055555550555555505555555055555550555555505555555
0 0 42 31 39cf8785 0555555505555555055555550555555505555555055555550555555505555555
0 0 42 32 39cf8785 0555555505555555055555550555555505555555055555550555555505555555
0 0 42 33 39cf8785 0555555505555555055555550555555505555555055555550555555505555555
0 0 42 34 39cf8785 0555555505555555055555550555555505555555055555550555555505555555
0 0 42 35 39cf8785 0555555505555555055555550555555505555555055555550555555505555555
0 0 43 8 1bb29d1b 0000000000000000000000000000000000000000000000000000000022222220
0 0 43 9 5f421d45 0000000200000000000000000000000000000000000000000000000000000000
0 0 43 21 38d52fd5 2222222200000000020222002202000002022200020200000202220000000000
0 0 43 22 64749b9b 0000000000000000000000022222222000000000000000000000000000000000
0 0 43 29 0b9ac1ff 0000000000000000000000000555555505555555055555550555555505555555
0 0 43 30 39cf8785 0555555505555555055555550555555505555555055555550555555505555555
0 0 43 31 39cf8785 0555555505555555055555550555555505555555055555550555555505555555
0 0 43 32 39cf8785 0555555505555555055555550555555505555555055555550555555505555555
0 0 43 33 39cf8785 0555555505555555055555550555555505555555055555550555555505555555
0 0 43 34 39cf8785 0555555505555555055555550555555505555555055555550555555505555555
0 0 43 35 39cf8785 0555555505555555055555550555555505555555055555550555555505555555
0 0 44 9 e6e1228a 2000000002000000002000000020000000020000000200000002000000020000
0 0 44 10 fc7ff905 0002000000020000000200000002000000020000000200000002000000020000
0 0 44 11 fc7ff905 0002000000020000000200000002000000020000000200000002000000020000
0 0 44 12 fc7ff905 0002000000020000000200000002000000020000000200000002000000020000
0 0 44 13 fc7ff905 0002000000020000000200000002000000020000000200000002000000020000
0 0 44 14 fc7ff905 0002000000020000000200000002000000020000000200000002000000020000
0 0 44 15 fc7ff905 0002000000020000000200000002000000020000000200000002000000020000
0 0 44 16 fc7ff905 0002000000020000000200000002000000020000000200000002000000020000
0 0 44 17 fc7ff905 0002000000020000000200000002000000020000000200000002000000020000
0 0 44 18 fc7ff905 0002000000020000000200000002000000020000000200000002000000020000
0 0 44 19 fc7ff905 0002000000020000000200000002000000020000000200000002000000020000
0 0 44 20 fc7ff905 0002000000020000000200000002000000020000000200000002000000020000
0 0 44 21 5de4d415 0002000000020000000200000002000000020000000200000002000000200000
0 0 44 22 e8b58c3a 0020000002000000200000000000000000000000000000000000000000000000
1 0 0 0 6590770b 0000033300033000003000000300000003000000300000003000000030000000
1 0 0 0 a44f78f2 0222220022000220220002202200022022000220220002200222220000000000
1 0 0 1 cb8b1aa5 3000000030000000300000003000000030000000300000003000000030000000
1 0 0 2 cb8b1aa5 3000000030000000300000003000000030000000300000003000000030000000
1 0 0 3 cb8b1aa5 3000000030000000300000003000000030000000300000003000000030000000
1 0 0 4 cb8b1aa5 3000000030000000300000003000000030000000300000003000000030000000
1 0 0 5 cb8b1aa5 3000000030000000300000003000000030000000300000003000000030000000
1 0 0 6 cb8b1aa5 3000000030000000300000003000000030000000300000003000000030000000
1 0 0 7 cb8b1aa5 3000000030000000300000003000000030000000300000003000000030000000
1 0 0 8 4622f1f5 0000000033333003003000300030003000300030003000300030000300000000
1 0 0 8 cb8b1aa5 3000000030000000300000003000000030000000300000003000000030000000
1 0 0 9 cb8b1aa5 3000000030000000300000003000000030000000300000003000000030000000
1 0 0 10 a2497067 0000000030000003300000303000003030000033300000303333303000000000
1 0 0 10 cb8b1aa5 3000000030000000300000003000000030000000300000003000000030000000
1 0 0 11 cb8b1aa5 3000000030000000300000003000000030000000300000003000000030000000
1 0 0 12 cb8b1aa5 3000000030000000300000003000000030000000300000003000000030000000
1 0 0 12 dbfab897 0000000000000000300003033000030330000303300003033333030300000000
1 0 0 13 3c62a0c5 0000000000000000000000000000000000000000000000000000000300000000
1 0 0 13 b793d048 0300000003000000003000000003300000000333000000000000000000000000
1 0 0 14 b7f9c685 0000000300000000000000000000000000000000000000000000000000000000
1 0 0 24 6590770b 0000033300033000003000000300000003000000300000003000000030000000
1 0 0 25 cb8b1aa5 3000000030000000300000003000000030000000300000003000000030000000
1 0 0 26 cb8b1aa5 3000000030000000300000003000000030000000300000003000000030000000
1 0 0 27 ad8edbe7 3330003330030300300303003330033330030300300303003003030000000000
1 0 0 27 b793d048 0300000003000000003000000003300000000333000000000000000000000000
1 0 1 0 a44f78f2 0222220022000220220002202200022022000220220002200222220000000000
1 0 1 0 fa7d45eb 3333333300000000000000000000000000000000000000000000000000000000
1 0 1 8 b9665b67 0000000033003333003000300030003000300030003000303300003000000000
1 0 1 9 256c27df 0000000000000000000000000333330000000000000000000000000000000000
1 0 1 10 79da62d5 0000000033003333003030000030300033303333003030000030300000000000
1 0 1 11 256c27df 0000000000000000000000000333330000000000000000000000000000000000
1 0 1 12 6990be37 0000000000000000000303033033030003030300000303000003030000000000
1 0 1 13 a134ee31 0000000000000000000000000030000003330000333330003333330000000000
1 0 1 13 e63d812b 0000000000000000000000000000000033333333000000000000000000000000
1 0 1 14 a8c7b62d 3333333300000000000000000000000000000000000000000000000000000000
1 0 1 24 fa7d45eb 3333333300000000000000000000000000000000000000000000000000000000
1 0 1 27 85b5091d 0030030330300303303303033033030330303303303033033030030300000000
1 0 1 27 e63d812b 0000000000000000000000000000000033333333000000000000000000000000
1 0 2 0 a44f78f2 0222220022000220220002202200022022000220220002200222220000000000
1 0 2 0 fa7d45eb 3333333300000000000000000000000000000000000000000000000000000000
1 0 2 7 f4f5fbe5 0000000000033300000300300003003000033300000300300003003000000000
1 0 2 8 14a41b17 0000000030033300003000300030003000333330003000300030003000000000
1 0 2 9 836d5765 0033000000030000003000000000000000000000000000000000000000000000
1 0 2 10 5f727c55 0000000000000000300000003000000000000000000000000000000000000000
1 0 2 11 836d5765 0033000000030000003000000000000000000000000000000000000000000000
1 0 2 12 5e454a4f 0000000000000000330000003000000030000000300000003000000000000000
1 0 2 13 d236cef3 3303333033033000330330003303333033000033330000333303333000000000
1 0 2 13 e63d812b 0000000000000000000000000000000033333333000000000000000000000000
1 0 2 14 a8c7b62d 3333333300000000000000000000000000000000000000000000000000000000
1 0 2 24 fa7d45eb 3333333300000000000000000000000000000000000000000000000000000000
1 0 2 27 d91c84d7 0030000000300000030000003000000003000000003000000030000000000000
1 0 2 27 e63d812b 0000000000000000000000000000000033333333000000000000000000000000
1 0 3 0 a44f78f2 0222220022000220220002202200022022000220220002200222220000000000
1 0 3 0 fa7d45eb 3333333300000000000000000000000000000000000000000000000000000000
1 0 3 7 0ea55f0d 0000000033300330300030003330300030003000300030003330033000000000
1 0 3 8 d6035dc7 0000000030000000300000003000000030000000300000003333300000000000
1 0 3 9 256c27df 0000000000000000000000000333330000000000000000000000000000000000
1 0 3 11 256c27df 0000000000000000000000000333330000000000000000000000000000000000
1 0 3 12 760eaa05 0000000000000000000000000000000000000000000000000000000300000003
1 0 3 13 2dad1c45 3000000030000000300000003000000030000000300000003000000030000000
1 0 3 13 e63d812b 0000000000000000000000000000000033333333000000000000000000000000
1 0 3 14 2dad1c45 3000000030000000300000003000000030000000300000003000000030000000
1 0 3 15 2dad1c45 3000000030000000300000003000000030000000300000003000000030000000
1 0 3 16 2dad1c45 3000000030000000300000003000000030000000300000003000000030000000
1 0 3 17 2dad1c45 3000000030000000300000003000000030000000300000003000000030000000
1 0 3 18 2dad1c45 3000000030000000300000003000000030000000300000003000000030000000
1 0 3 19 2dad1c45 3000000030000000300000003000000030000000300000003000000030000000
1 0 3 20 2dad1c45 3000000030000000300000003000000030000000300000003000000030000000
1 0 3 21 2dad1c45 3000000030000000300000003000000030000000300000003000000030000000
1 0 3 22 2dad1c45 3000000030000000300000003000000030000000300000003000000030000000
1 0 3 23 5899943f 0000000300000003000000000000333000003003000033300000300000003000
1 0 3 24 0e3f4809 0000000006666600666666606600066066000660660006606600066066000660
1 0 3 24 fa7d45eb 3333333300000000000000000000000000000000000000000000000000000000
1 0 3 25 745f6615 6600066066000660660006606600066066000660666666600666660000000000
1 0 3 27 e63d812b 0000000000000000000000000000000033333333000000000000000000000000
1 0 4 0 a44f78f2 0222220022000220220002202200022022000220220002200222220000000000
1 0 4 0 fa7d45eb 3333333300000000000000000000000000000000000000000000000000000000
1 0 4 7 b98ce8a5 0000000003300333300303003003030030030333300303000330030000000000
1 0 4 9 256c27df 0000000000000000000000000333330000000000000000000000000000000000
1 0 4 11 256c27df 0000000000000000000000000333330000000000000000000000000000000000
1 0 4 12 5f90b52d 0000000000000000000000000000000000000000000000003333333300000000
1 0 4 13 e63d812b 0000000000000000000000000000000033333333000000000000000000000000
1 0 4 23 944f03df 0000000033333333000000000033003003003030030030300300303300330030
1 0 4 24 a0d75dd7 0000000066666600666666006600000066000000660000006600000066666600
1 0 4 24 acb47edb 0000000066000660660006606600066066000660660006606600066066666660
1 0 4 24 fa7d45eb 3333333300000000000000000000000000000000000000000000000000000000
1 0 4 24 fee47860 0000000066666600666666600000066000000660000006600000066006666600
1 0 4 25 ab59020c 0666666000000660000006600000066000000660000006600000066000000000
1 0 4 25 d363ce98 0666666000000660000006600000066000000660666666606666660000000000
1 0 4 27 e63d812b 0000000000000000000000000000000033333333000000000000000000000000
1 0 5 0 9b4a1bb7 0000000000000000022200220200200202220002020000020200000200000000
1 0 5 0 fa7d45eb 3333333300000000000000000000000000000000000000000000000000000000
1 0 5 7 0dbf4eb5 0000000000333000303003003030030000300300303003003033300000000000
1 0 5 9 f71d0f15 0330330000300300030030000000000000000000000000000000000000000000
1 0 5 11 f71d0f15 0330330000300300030030000000000000000000000000000000000000000000
1 0 5 12 df917ead 0000000000000000000000000000000000000000000000003333333300000003
1 0 5 13 2dad1c45 3000000030000000300000003000000030000000300000003000000030000000
1 0 5 13 e63d812b 0000000000000000000000000000000033333333000000000000000000000000
1 0 5 14 2dad1c45 3000000030000000300000003000000030000000300000003000000030000000
1 0 5 15 2dad1c45 3000000030000000300000003000000030000000300000003000000030000000
1 0 5 16 2dad1c45 3000000030000000300000003000000030000000300000003000000030000000
1 0 5 17 2dad1c45 3000000030000000300000003000000030000000300000003000000030000000
1 0 5 18 2dad1c45 3000000030000000300000003000000030000000300000003000000030000000
1 0 5 19 2dad1c45 3000000030000000300000003000000030000000300000003000000030000000
1 0 5 20 2dad1c45 3000000030000000300000003000000030000000300000003000000030000000
1 0 5 21 2dad1c45 3000000030000000300000003000000030000000300000003000000030000000
1 0 5 22 2dad1c45 3000000030000000300000003000000030000000300000003000000030000000
1 0 5 23 8d67bc65 0000000333333333000000000030333000303000303033300330300000303330
1 0 5 24 fa7d45eb 3333333300000000000000000000000000000000000000000000000000000000
1 0 5 27 e63d812b 0000000000000000000000000000000033333333000000000000000000000000
1 0 6 0 7343afd7 0000000000000000202220000020000000222000000020000022202000000000
1 0 6 0 fa7d45eb 3333333300000000000000000000000000000000000000000000000000000000
1 0 6 9 256c27df 0000000000000000000000000333330000000000000000000000000000000000
1 0 6 11 256c27df 0000000000000000000000000333330000000000000000000000000000000000
1 0 6 13 e63d812b 0000000000000000000000000000000033333333000000000000000000000000
1 0 6 23 5789adb7 0000000000000000000000003330000030030000333000003003000030030000
1 0 6 24 fa7d45eb 3333333300000000000000000000000000000000000000000000000000000000
1 0 6 27 e63d812b 0000000000000000000000000000000033333333000000000000000000000000
1 0 7 0 fa7d45eb 3333333300000000000000000000000000000000000000000000000000000000
1 0 7 9 256c27df 0000000000000000000000000333330000000000000000000000000000000000
1 0 7 11 256c27df 0000000000000000000000000333330000000000000000000000000000000000
1 0 7 12 2f9fb7f7 0000000000040000004440000040400004404400040004004444444000000000
1 0 7 13 e63d812b 0000000000000000000000000000000033333333000000000000000000000000
1 0 7 24 fa7d45eb 3333333300000000000000000000000000000000000000000000000000000000
1 0 7 26 48731ecf 0222222200002200000022000000220000002200000022000000220000000000
1 0 7 27 e63d812b 0000000000000000000000000000000033333333000000000000000000000000
1 0 8 0 fa7d45eb 3333333300000000000000000000000000000000000000000000000000000000
1 0 8 13 e63d812b 0000000000000000000000000000000033333333000000000000000000000000
1 0 8 24 fa7d45eb 3333333300000000000000000000000000000000000000000000000000000000
1 0 8 26 0a9c630f 2022020000220220002202220022022000220220002202200022022000000000
1 0 8 27 e63d812b 0000000000000000000000000000000033333333000000000000000000000000
1 0 9 0 fa7d45eb 3333333300000000000000000000000000000000000000000000000000000000
1 0 9 13 e63d812b 0000000000000000000000000000000033333333000000000000000000000000
1 0 9 15 b917fba1 0000000000000000000000000000000000000002000000220000002200000222
1 0 9 16 358dcd6a 0000222200022222000222220022222200022222000000000000000000000000
1 0 9 24 fa7d45eb 3333333300000000000000000000000000000000000000000000000000000000
1 0 9 26 832af7c7 0002022200220220022202202022022200220220002202200022022200000000
1 0 9 27 e63d812b 0000000000000000000000000000000033333333000000000000000000000000
1 0 10 0 fa7d45eb 3333333300000000000000000000000000000000000000000000000000000000
1 0 10 13 e63d812b 0000000000000000000000000000000033333333000000000000000000000000
1 0 10 14 805d01e9 0000000000000002000000020000002000000200000020000000200000020000
1 0 10 15 7539ad9a 0020000002000000020000002000000200000000000000002222222222222222
1 0 10 16 cfb7d5e7 2222222222222222222222222222222222222222222222220000022200000000
1 0 10 24 fa7d45eb 3333333300000000000000000000000000000000000000000000000000000000
1 0 10 26 3add47af 2220000000000000000000002200000000000000000000002220000000000000
1 0 10 27 e63d812b 0000000000000000000000000000000033333333000000000000000000000000
1 0 11 0 fa7d45eb 3333333300000000000000000000000000000000000000000000000000000000
1 0 11 11 8a57b739 0000000000002222000020000002000000020000000200000020000000200000
1 0 11 12 1be28f81 0022222200222222000022220000002200000000000000000000000200000002
1 0 11 13 63c858bf 0000002000000200000022000000200000020000002000000220000002000000
1 0 11 13 e63d812b 0000000000000000000000000000000033333333000000000000000000000000
1 0 11 14 d6c60956 2000000200000022000002220000022200002222000222220002222200222222
1 0 11 15 383e9ab2 0222222222222222222222222222222200000000000000002222222222222222
1 0 11 16 ad57022b 2222222222222222222222222222222222222222222222222222222200000000
1 0 11 24 fa7d45eb 3333333300000000000000000000000000000000000000000000000000000000
1 0 11 25 0e3f4809 0000000002222200222222202200022022000220220002202200022022000220
1 0 11 26 745f6615 2200022022000220220002202200022022000220222222200222220000000000
1 0 11 27 e63d812b 0000000000000000000000000000000033333333000000000000000000000000
1 0 12 0 fa7d45eb 3333333300000000000000000000000000000000000000000000000000000000
1 0 12 11 e7c837fb 0000000022222222000000000000000000000000000000000000000000000000
1 0 12 12 9bb80ead 2222200022220000222200002220000002000000200000022000002200000222
1 0 12 13 6b2c84dd 0000022200002222000222220002222200222222022222222222222222222222
1 0 12 13 e63d812b 0000000000000000000000000000000033333333000000000000000000000000
1 0 12 14 dcb3dbd3 2222222222222222222222222222222222222222222222222222222222222222
1 0 12 15 59098a1f 2222222222222222222222202222222000022220000222202222222222222222
1 0 12 16 bf4b5280 2222222222222222222222222222222222222222222222222222222200000000
1 0 12 24 fa7d45eb 3333333300000000000000000000000000000000000000000000000000000000
1 0 12 25 ae714bf9 0200000002000000020000000000000000000000000000000000000000000000
1 0 12 27 e63d812b 0000000000000000000000000000000033333333000000000000000000000000
1 0 13 0 fa7d45eb 3333333300000000000000000000000000000000000000000000000000000000
1 0 13 11 7a175adb 0000000022222222000000020000002200000222000002220000222200022222
1 0 13 12 52975b1d 0002222200222222022222202222222022222220222222002222220022222200
1 0 13 13 11b9f274 2222200022222000222220002222000022220000222200002220000022200000
1 0 13 13 e63d812b 0000000000000000000000000000000033333333000000000000000000000000
1 0 13 14 fe6c9e21 2220000022000000220000002200000220000002200000022000002200000022
1 0 13 15 26d814bd 0000002200000222000002220000022200000000000000002222222222222222
1 0 13 16 686be465 2222222222222222222222222222222222222222222222222222222200000000
1 0 13 24 fa7d45eb 3333333300000000000000000000000000000000000000000000000000000000
1 0 13 25 0e3f4809 0000000002222200222222202200022022000220220002202200022022000220
1 0 13 26 745f6615 2200022022000220220002202200022022000220222222200222220000000000
1 0 13 27 e63d812b 0000000000000000000000000000000033333333000000000000000000000000
1 0 14 0 fa7d45eb 3333333300000000000000000000000000000000000000000000000000000000
1 0 14 11 eb8cef46 0000000022222222220000002200000020000000200000002000000000000000
1 0 14 12 9fe6de06 0000022200000222000022220000222200002222000222220002222200022222
1 0 14 13 937862ab 0022222200222222000000000000000000000000000000000000000000000000
1 0 14 13 e63d812b 0000000000000000000000000000000033333333000000000000000000000000
1 0 14 14 6250954b 2222222222222222222222222222222222222222222222222222222222222222
1 0 14 15 6248c366 2222222222222222222222222222222200000022000002222222222222222222
1 0 14 16 85fe541e 2222222222222222222222222222222222222222222222222222222200000000
1 0 14 24 fa7d45eb 3333333300000000000000000000000000000000000000000000000000000000
1 0 14 25 0e3f4809 0000000002222200222222202200022022000220220002202200022022000220
1 0 14 25 9d47c3d4 0000000000022000000220000002200000022000000220000002200000022000
1 0 14 25 a0d75dd7 0000000022222200222222002200000022000000220000002200000022222200
1 0 14 26 745f6615 2200022022000220220002202200022022000220222222200222220000000000
1 0 14 26 be72ff6c 0002200000022000000220000002200000022000000220000002200000000000
1 0 14 26 d363ce98 0222222000000220000002200000022000000220222222202222220000000000
1 0 14 27 e63d812b 0000000000000000000000000000000033333333000000000000000000000000
1 0 15 0 fa7d45eb 3333333300000000000000000000000000000000000000000000000000000000
1 0 15 11 e9114e0b 0000000022222222000000000000000200000002000000020000000200000022
1 0 15 12 e93967cf 2222222222222222222222222222222222222220200000000000002222222222
1 0 15 13 2343103c 2222222222222222000222200022222000222220002222200022220002222200
1 0 15 13 e63d812b 0000000000000000000000000000000033333333000000000000000000000000
1 0 15 14 b1ee41be 2222220022222200222220002220200022002000222200002222000022220000
1 0 15 15 60b11e99 2222000022200000222000002220000022000000220000022222222222222222
1 0 15 16 4fc9d82b 2222222222222222222222222222222222222222222222222222222200000000
1 0 15 24 fa7d45eb 3333333300000000000000000000000000000000000000000000000000000000
1 0 15 25 1b973b0e 2020000020200000202000000000000000000000000000000000000000000000
1 0 15 27 e63d812b 0000000000000000000000000000000033333333000000000000000000000000
1 0 16 0 fa7d45eb 3333333300000000000000000000000000000000000000000000000000000000
1 0 16 11 20718bc7 0000000020022222220200002222000022200000222000002220000022200000
1 0 16 12 0e85b264 2200000222000002220000022000002220000022200000222000002200000222
1 0 16 13 8ccc0b5f 0000022200000222000002200000222200000000000000000000000000000000
1 0 16 13 e63d812b 0000000000000000000000000000000033333333000000000000000000000000
1 0 16 14 72abf295 0000000000000000002000000022000000220000002200000222000002220000
1 0 16 15 f2b77648 0222000002222000222220002222200022222000222220002222222222222222
1 0 16 16 79517f3a 2222222222222222222222222222222222222222222222222222222200000000
1 0 16 24 fa7d45eb 3333333300000000000000000000000000000000000000000000000000000000
1 0 16 25 0e3f4809 0000000002222200222222202200022022000220220002202200022022000220
1 0 16 25 fee47860 0000000022222200222222200000022000000220000002200000022002222200
1 0 16 26 745f6615 2200022022000220220002202200022022000220222222200222220000000000
1 0 16 26 d363ce98 0222222000000220000002200000022000000220222222202222220000000000
1 0 16 27 e63d812b 0000000000000000000000000000000033333333000000000000000000000000
1 0 17 0 fa7d45eb 3333333300000000000000000000000000000000000000000000000000000000
1 0 17 11 ded5f080 0000000022222000000022220000000200000000000000000000000000000000
1 0 17 12 6be48462 2220000022220000222220002220200022202000220200002202000020020000
1 0 17 13 e63d812b 0000000000000000000000000000000033333333000000000000000000000000
1 0 17 13 fd7f33ff 2020000002200000220000002000000200000022000000220000022200002222
1 0 17 14 0b039eb1 0222222202222222022222220022222200222222002222220022222200022222
1 0 17 15 b21e175f 0002222200022222000222220002222200022222000222222222222222222222
1 0 17 16 ad212c5d 2222222222222222222222222222222222222222222222222000022200000000
1 0 17 24 fa7d45eb 3333333300000000000000000000000000000000000000000000000000000000
1 0 17 25 0e3f4809 0000000002222200222222202200022022000220220002202200022022000220
1 0 17 25 acb47edb 0000000022000220220002202200022022000220220002202200022022222220
1 0 17 25 eee45f30 0000000022222200222222200000022000000220000002200000022002222220
1 0 17 26 23d25d67 2222220022000000220000002200000022000000222222202222222000000000
1 0 17 26 745f6615 2200022022000220220002202200022022000220222222200222220000000000
1 0 17 26 ab59020c 0222222000000220000002200000022000000220000002200000022000000000
1 0 17 27 e63d812b 0000000000000000000000000000000033333333000000000000000000000000
1 0 18 0 fa7d45eb 3333333300000000000000000000000000000000000000000000000000000000
1 0 18 11 870bedfa 0000000000000000000000002000000002000000022000000022200000222200
1 0 18 12 9db8d170 0022222200222220002222000022220000222000022220000222000002220000
1 0 18 13 91985a85 2222000022200000222000002220000022000002220000022200000222000002
1 0 18 13 e63d812b 0000000000000000000000000000000033333333000000000000000000000000
1 0 18 14 5a8340a5 2000000220000002200000022000000220000002200000022000000020000000
1 0 18 15 cc222ad3 2000000020000000220000002200000022000000222000002222222222222222
1 0 18 16 7ef3d555 2222222222222222222222222222222222222202222222202222222000000000
1 0 18 24 fa7d45eb 3333333300000000000000000000000000000000000000000000000000000000
1 0 18 26 b7f9c685 0000000200000000000000000000000000000000000000000000000000000000
1 0 18 27 e63d812b 0000000000000000000000000000000033333333000000000000000000000000
1 0 19 0 fa7d45eb 3333333300000000000000000000000000000000000000000000000000000000
1 0 19 11 ead945ff 0000000000000002000002200000200000020000002000000200000020000000
1 0 19 12 30ba9781 0000000000000002000002220000222200022222000222220022222202222222
1 0 19 13 c1e00e30 0222222222222222222222222222222222222222222222222222222222222222
1 0 19 13 e63d812b 0000000000000000000000000000000033333333000000000000000000000000
1 0 19 14 5459899f 2222222222222222222222222222222022222220222222202222222022222222
1 0 19 15 3865c89e 2222222202222222002222220002222200000000000000002222222222222222
1 0 19 16 b835a5ce 2222222222222222222222222222222222222222002222220000022200000000
1 0 19 24 fa7d45eb 3333333300000000000000000000000000000000000000000000000000000000
1 0 19 25 2e5ec1f5 2220222020002002200020022220222000202000002020002220200000000000
1 0 19 26 a8c7b62d 2222222200000000000000000000000000000000000000000000000000000000
1 0 19 27 e63d812b 0000000000000000000000000000000033333333000000000000000000000000
1 0 20 0 fa7d45eb 3333333300000000000000000000000000000000000000000000000000000000
1 0 20 11 04d1f91b 0002220022200222000000000000000000000000000000000000000000000000
1 0 20 12 69d35f25 2222200022222200222222202222222222222222222222222222222222222200
1 0 20 13 70d85ce4 2222000022200000222000002200000022000000200000002000000000000002
1 0 20 13 e63d812b 0000000000000000000000000000000033333333000000000000000000000000
1 0 20 14 af6fcad4 0000000200000002000000200000002000000200000002000000200000020000
1 0 20 15 24f14f1a 0022000002200000220000000000000000000000000000022222222222222222
1 0 20 15 491593a5 0777777707777777077777770777777707777777077777770777777707777777
1 0 20 16 491593a5 0777777707777777077777770777777707777777077777770777777707777777
1 0 20 16 4edcae85 2222222222222222222222222222222222222222222222222222222222222220
1 0 20 17 491593a5 0777777707777777077777770777777707777777077777770777777707777777
1 0 20 18 491593a5 0777777707777777077777770777777707777777077777770777777707777777
1 0 20 19 491593a5 0777777707777777077777770777777707777777077777770777777707777777
1 0 20 20 491593a5 0777777707777777077777770777777707777777077777770777777707777777
1 0 20 21 491593a5 0777777707777777077777770777777707777777077777770777777707777777
1 0 20 22 491593a5 0777777707777777077777770777777707777777077777770777777707777777
1 0 20 23 491593a5 0777777707777777077777770777777707777777077777770777777707777777
1 0 20 24 491593a5 0777777707777777077777770777777707777777077777770777777707777777
1 0 20 24 fa7d45eb 3333333300000000000000000000000000000000000000000000000000000000
1 0 20 25 09c3b125 0222022202000200020002000222022202000200020002000222022200000000
1 0 20 26 a8c7b62d 2222222200000000000000000000000000000000000000000000000000000000
1 0 20 27 e63d812b 0000000000000000000000000000000033333333000000000000000000000000
1 0 21 0 fa7d45eb 3333333300000000000000000000000000000000000000000000000000000000
1 0 21 11 37bd9741 0000000020000000220000000020000000020000000020000000220000000220
1 0 21 12 22ebad4a 0000022200000022000000220000002200000002200000022000000220000002
1 0 21 13 15783075 2000000220000002200000022000000220000002200000222000002220000022
1 0 21 13 e63d812b 0000000000000000000000000000000033333333000000000000000000000000
1 0 21 14 a483064f 0000002200000222000002220000022200002222000022220000222200022222
1 0 21 15 0a367835 7777770077777700777777007777770077777700777777007777770077777700
1 0 21 15 b5ebf21b 0002222200222222002222220222222222222222222222222222222222222222
1 0 21 16 0a367835 7777770077777700777777007777770077777700777777007777770077777700
1 0 21 16 55ca45bf 2222222022222220222222002222200022220000222000002000000000000000
1 0 21 17 0a367835 7777770077777700777777007777770077777700777777007777770077777700
1 0 21 18 0a367835 7777770077777700777777007777770077777700777777007777770077777700
1 0 21 19 0a367835 7777770077777700777777007777770077777700777777007777770077777700
1 0 21 20 0a367835 7777770077777700777777007777770077777700777777007777770077777700
1 0 21 21 0a367835 7777770077777700777777007777770077777700777777007777770077777700
1 0 21 22 0a367835 7777770077777700777777007777770077777700777777007777770077777700
1 0 21 23 0a367835 7777770077777700777777007777770077777700777777007777770077777700
1 0 21 24 0a367835 7777770077777700777777007777770077777700777777007777770077777700
1 0 21 24 fa7d45eb 3333333300000000000000000000000000000000000000000000000000000000
1 0 21 25 423911bd 0220000002020000020200000202000002020000020200000220000000000000
1 0 21 26 a8c7b62d 2222222200000000000000000000000000000000000000000000000000000000
1 0 21 27 e63d812b 0000000000000000000000000000000033333333000000000000000000000000
1 0 22 0 fa7d45eb 3333333300000000000000000000000000000000000000000000000000000000
1 0 22 12 025f2bb3 0000000020000000200000002200000022200000222000002222000022220000
1 0 22 13 d8bc79e9 2222000022220000222220002222200022222000222220002222200022222000
1 0 22 13 e63d812b 0000000000000000000000000000000033333333000000000000000000000000
1 0 22 14 fc09a736 2222200022222000222220002222000022220000222200002222000022200000
1 0 22 15 52e8c99c 2220000022200000220000002200000222000002200000022000000200000002
1 0 22 16 5c713df5 0000000200000002000000020000002200000002000000000000000000000000
1 0 22 24 fa7d45eb 3333333300000000000000000000000000000000000000000000000000000000
1 0 22 25 48aa028b 0022220002202200220022002200220022222220000022000000220000000000
1 0 22 25 a44f78f2 0222220022000220220002202200022022000220220002200222220000000000
1 0 22 26 a8c7b62d 2222222200000000000000000000000000000000000000000000000000000000
1 0 22 27 e63d812b 0000000000000000000000000000000033333333000000000000000000000000
1 0 23 0 fa7d45eb 3333333300000000000000000000000000000000000000000000000000000000
1 0 23 11 4de10ac0 0000000000002222000020000002200000020000000200000002000000020000
1 0 23 12 2c300175 0002000000020000000200000022000000200000002000000020000000200000
1 0 23 13 9f2134c1 0020000000200000002000000220000002000000020000000200000002000000
1 0 23 13 e63d812b 0000000000000000000000000000000033333333000000000000000000000000
1 0 23 14 816e98e2 0200000002000000020000022000000220000002200000222000002220000022
1 0 23 15 0b3e3cbe 2000002220000022200000220000002200000022000002222222222222222222
1 0 23 15 b4bb3b6f 0300030003303300030303000300030303000303030003030300030000000000
1 0 23 16 7d77a3a7 2222222222222222222222222222222222222222022222220022222200000000
1 0 23 16 a8c7b62d 3333333300000000000000000000000000000000000000000000000000000000
1 0 23 24 fa7d45eb 3333333300000000000000000000000000000000000000000000000000000000
1 0 23 25 034e9da4 2222220000000220000002200222220022000000220000002222222000000000
1 0 23 25 a44f78f2 0222220022000220220002202200022022000220220002200222220000000000
1 0 23 26 a8c7b62d 2222222200000000000000000000000000000000000000000000000000000000
1 0 23 27 e63d812b 0000000000000000000000000000000033333333000000000000000000000000
1 0 24 0 fa7d45eb 3333333300000000000000000000000000000000000000000000000000000000
1 0 24 11 4695a64b 0000000022222220000000220000000000000000000000000000000000000000
1 0 24 12 a86d157b 0222220002222220022222222222222222222222222222222222200222222002
1 0 24 13 7690a033 2222202022222020222222002222200000000000000000000000000000000000
1 0 24 13 e63d812b 0000000000000000000000000000000033333333000000000000000000000000
1 0 24 14 ef6cff95 0000000200000222000000220000002220000002200000022000000222000000
1 0 24 15 76ab3fbc 2200000022200000222000002220000022220000222200002222222222202222
1 0 24 15 d9eb4c1d 0000000000000000333000330003030000030300003303003303003300000000
1 0 24 16 a8c7b62d 3333333300000000000000000000000000000000000000000000000000000000
1 0 24 16 dddff470 2220222222202222222002222220022222200022222000022200000000000000
1 0 24 24 fa7d45eb 3333333300000000000000000000000000000000000000000000000000000000
1 0 24 25 034e9da4 2222220000000220000002200222220022000000220000002222222000000000
1 0 24 25 a44f78f2 0222220022000220220002202200022022000220220002200222220000000000
1 0 24 26 a8c7b62d 2222222200000000000000000000000000000000000000000000000000000000
1 0 24 27 e63d812b 0000000000000000000000000000000033333333000000000000000000000000
1 0 25 0 8891ff23 3333000000003300000000300000000300000003000000000000000000000000
1 0 25 11 610282cd 0000000000000000220000000220000000020000000020000000200000002200
1 0 25 12 818ce745 0000020000000220000002200000022000000222000002220000022200000222
1 0 25 13 4fff6414 0000222200002222000022220000222200022222002222220022222202222222
1 0 25 13 b4c746d7 0000000300000003000000300000330033330000000000000000000000000000
1 0 25 14 cf0645dc 2222222022222220222222002222200022220000222000022200000222000002
1 0 25 15 78bc6ad7 0030000000300000303033000033003000300030003000303030003000000000
1 0 25 15 f609b6b7 2220002002200020022000200022020000220200002222002222222222222222
1 0 25 16 a8c7b62d 3333333300000000000000000000000000000000000000000000000000000000
1 0 25 16 b4ea7ca3 2222222222222222222222222222222222222222222222222222222200000000
1 0 25 24 8891ff23 3333000000003300000000300000000300000003000000000000000000000000
1 0 25 25 2c0aa688 0000200000002000000020020000202000002200000020200000200200000000
1 0 25 26 a8c7b62d 2222222200000000000000000000000000000000000000000000000000000000
1 0 25 27 b4c746d7 0000000300000003000000300000330033330000000000000000000000000000
1 0 26 0 3b954c56 0000000000000000000000000000000000000000300000003000000030000000
1 0 26 1 cb8b1aa5 3000000030000000300000003000000030000000300000003000000030000000
1 0 26 2 cb8b1aa5 3000000030000000300000003000000030000000300000003000000030000000
1 0 26 3 cb8b1aa5 3000000030000000300000003000000030000000300000003000000030000000
1 0 26 4 cb8b1aa5 3000000030000000300000003000000030000000300000003000000030000000
1 0 26 5 cb8b1aa5 3000000030000000300000003000000030000000300000003000000030000000
1 0 26 6 cb8b1aa5 3000000030000000300000003000000030000000300000003000000030000000
1 0 26 7 cb8b1aa5 3000000030000000300000003000000030000000300000003000000030000000
1 0 26 8 cb8b1aa5 3000000030000000300000003000000030000000300000003000000030000000
1 0 26 9 cb8b1aa5 3000000030000000300000003000000030000000300000003000000030000000
1 0 26 10 cb8b1aa5 3000000030000000300000003000000030000000300000003000000030000000
1 0 26 11 c5e9f0c5 0000000000000000000000000000000000000000000000020000000200000002
1 0 26 11 cb8b1aa5 3000000030000000300000003000000030000000300000003000000030000000
1 0 26 12 cb8b1aa5 3000000030000000300000003000000030000000300000003000000030000000
1 0 26 12 e254cfc0 0000002000000020000000200000020000000200000002000000200020002000
1 0 26 13 71c37ba9 2000200020020000200200002002000020200000002000000020000002000000
1 0 26 14 1ff991be 0200000202000002200000022000000020000000000000000000000000000000
1 0 26 15 776594e5 0000000030000000003033003033003030300030303000303030003000000000
1 0 26 15 d8626e97 0000000000000000000022220000222200002222000222222222222222222220
1 0 26 16 a8c7b62d 3333333300000000000000000000000000000000000000000000000000000000
1 0 26 16 c1aac7ce 2222222022222220222222002222220022222200222220002222200000000000
1 0 26 24 3b954c56 0000000000000000000000000000000000000000300000003000000030000000
1 0 26 25 b3c5a594 0000000000000000000000000202020000202020002020200020202000000000
1 0 26 25 cb8b1aa5 3000000030000000300000003000000030000000300000003000000030000000
1 0 26 26 a8c7b62d 2222222200000000000000000000000000000000000000000000000000000000
1 0 26 26 cb8b1aa5 3000000030000000300000003000000030000000300000003000000030000000
1 0 27 11 0be8355b 0222220002000020200000202000002020000022000000220000000200000002
1 0 27 12 23fc9ea5 0000000200000002000000000000000000200000002200000022000000220000
1 0 27 13 00cc5c09 0222000002220000020220000200200022002000220020002200200022202200
1 0 27 14 0814ee7d 2220020022200200222222000000000000000000000000000000000000000000
1 0 27 15 350956ef 0000000000000000222222222222222222222222222222222200222200000000
1 0 27 15 a49ebf1f 0000000000000000033300003000300033333000300000000333000000000000
1 0 27 16 a8c7b62d 3333333300000000000000000000000000000000000000000000000000000000
1 0 27 25 b3fe4908 0020200000202000020020200200220202002002200020022000200200000000
1 0 27 26 a8c7b62d 2222222200000000000000000000000000000000000000000000000000000000
1 0 28 12 80ca62c1 2000000020000000200000002000000020000000220000020200000202000002
1 0 28 13 0653777d 0200000202200002002000200020002000200020002200200002002000020020
1 0 28 14 4aa0720e 0002002000022020000020220000200200002002000022020000020200000202
1 0 28 15 58467d64 0000000000000000003000300003030000003000000303000030003000000000
1 0 28 15 b9b105a8 0000020000000220000002200000002000000020200000022222222222222222
1 0 28 16 9605d740 2222222222222222022222220222222202222222022222220022222200000000
1 0 28 16 a8c7b62d 3333333300000000000000000000000000000000000000000000000000000000
1 0 28 26 b7f9c685 0000000200000000000000000000000000000000000000000000000000000000
1 0 29 11 d562dae3 0000000000000000000000220000022000002000000220000002000000200000
1 0 29 12 b5f9c93e 0200000002000000220000002000000220000002000000220000002200000222
1 0 29 13 08010415 0000022200000222000002200000022000000200000002000000020000000200
1 0 29 14 518e6074 0000020000000200000002000000022000000020000000200000002220000002
1 0 29 15 54fac82e 2000000220000000220000002200000002200000022000000222222200222222
1 0 29 15 a9b10778 3333330000000330000003300033330000000330000003303333330000000000
1 0 29 16 3620b50b 0022222220022222200022222000222220000222200000222000000200000000
1 0 29 16 a8c7b62d 3333333300000000000000000000000000000000000000000000000000000000
1 0 30 11 5dabe15b 0002220022220222000000000000000000000000000000000000000000000000
1 0 30 12 5b712c32 0022222202222222222222222222222222222222222222222220002220000002
1 0 30 15 0756ac5b 2000000022000000022000000022222200002220000000002222222222222222
1 0 30 16 eb82dfba 2222222222222222222222222222222222222222222222222222222202222222
1 0 31 11 0d6d03e9 0000000022000022022002200002022000020220000202200002022000022220
1 0 31 12 2531f680 0002222020022220220222202222222022222220222222202222022022220220
1 0 31 13 8a37d6d2 0222022002202220002022200000222200000222000002220000022200000222
1 0 31 14 5208df4d 0000022200000222000002220000022200000222000002220000222200002222
1 0 31 15 833c1a4e 0002222200202222020022222000222200002222000022222222222222222222
1 0 31 16 44077adc 2222222222222222222222222222202222220022222200222200002220000000
1 0 32 0 4d3ab76f 3333333330000000300000003000000030000000300000003000000030000000
1 0 32 1 2dad1c45 3000000030000000300000003000000030000000300000003000000030000000
1 0 32 2 2dad1c45 3000000030000000300000003000000030000000300000003000000030000000
1 0 32 3 2dad1c45 3000000030000000300000003000000030000000300000003000000030000000
1 0 32 4 2dad1c45 3000000030000000300000003000000030000000300000003000000030000000
1 0 32 5 2dad1c45 3000000030000000300000003000000030000000300000003000000030000000
1 0 32 6 2dad1c45 3000000030000000300000003000000030000000300000003000000030000000
1 0 32 7 2dad1c45 3000000030000000300000003000000030000000300000003000000030000000
1 0 32 8 2dad1c45 3000000030000000300000003000000030000000300000003000000030000000
1 0 32 9 4d3ab76f 3333333330000000300000003000000030000000300000003000000030000000
1 0 32 11 a0d5d955 3333333033300333333003333330033333333330333003333330033333300333
1 0 32 11 e7c837fb 0000000022222222000000000000000000000000000000000000000000000000
1 0 32 12 72c54d19 0000222200002222000022220000222200002222000022220000222200002200
1 0 32 13 89b1b348 0000222200000222000000000000000000000000000000000000000000000000
1 0 32 14 ee1612cd 0000022200000222000002220000022200000222000002200000022000000220
1 0 32 15 b118f817 0000022000000220000000200000002200000000000000002222222222222222
1 0 32 16 2bac1c65 2222222222222222222222222222222222222222222222222222222200000000
1 0 33 0 a8c7b62d 3333333300000000000000000000000000000000000000000000000000000000
1 0 33 9 a8c7b62d 3333333300000000000000000000000000000000000000000000000000000000
1 0 33 11 473d2fb7 0000000022222002000022020000220200000222000002220000022200000222
1 0 33 11 a2787649 0033333303330033033300330333003303333333033300330333003303330033
1 0 33 12 ddfde0d2 2222222222222222222222222222222222220222222002222220022200000222
1 0 33 13 e5c98a49 2222222222222222000002220000002200000022000000220000002200000022
1 0 33 14 3002e063 2222222222222222222222222222202222220022000000220000002200000022
1 0 33 15 14981877 0000000200000002000000022222222200000000000000002222222222222222
1 0 33 16 c74a02a7 2222222222222222222222222222222222222222222222222222220200000000
1 0 34 0 a8c7b62d 3333333300000000000000000000000000000000000000000000000000000000
1 0 34 9 a8c7b62d 3333333300000000000000000000000000000000000000000000000000000000
1 0 34 11 3b3e96a6 0033333330333003303330033033300330333333303330003033300030333000
1 0 34 11 71439e08 0000000022222222000000000000000000000000200000002000000020000000
1 0 34 12 9f9deb11 2000002220000022200000222000002220000022200000222000002222000002
1 0 34 13 91ca8565 2200000222000002220000022200000222000000220000002200000022000000
1 0 34 14 e22e7135 2200000022200000222000002220000022200000222000002220000022200000
1 0 34 15 2b988a75 2220000022200000222000002222000022220000222200002222222222222222
1 0 34 16 22129d04 2222222222222222222222222222222222222222222222222222222000000000
1 0 35 0 a8c7b62d 3333333300000000000000000000000000000000000000000000000000000000
1 0 35 9 a8c7b62d 3333333300000000000000000000000000000000000000000000000000000000
1 0 35 11 825327d2 3003330333033303330333033303330330033303000333030003330300033303
1 0 35 11 a27f9f1a 0000000020000000222200000000220000000020000000020000000200000000
1 0 35 12 2963c2b4 2200000022200000222200002222000022222000222220002222200022222000
1 0 35 13 191bd3d7 2222200022222000222200002220000000000000000000000000000000000000
1 0 35 14 56c2ce27 0000002200000020200000222000000222000000220000002220000022220000
1 0 35 15 7e720c7a 0222000002222000022220000222220002222200022222202222222222222222
1 0 35 16 5c77fd8f 2222222222222222222222222222222222222222200222220000222200000000
1 0 36 0 a8c7b62d 3333333300000000000000000000000000000000000000000000000000000000
1 0 36 9 a8c7b62d 3333333300000000000000000000000000000000000000000000000000000000
1 0 36 11 8c98eefd 3333300033003300330033303300333033003330330033303300330033333000
1 0 36 11 d0dbba48 0000000000000002000000220000022000000200000020002000200020022000
1 0 36 12 e8364c98 2222200002222000022220000222200000222000002220000022200000222200
1 0 36 13 3b9bce82 0022220000222200002222200022222200222222022222220222222222222222
1 0 36 14 8d7432de 0022222200222222000022220000022220000002220000000200000002200002
1 0 36 15 4fc8285f 0020002200022222000222220000222000002222000002222222222222222222
1 0 36 16 ffa08258 2222222222222222222222222222222222222222222222222222222200000000
1 0 37 0 a8c7b62d 3333333300000000000000000000000000000000000000000000000000000000
1 0 37 9 a8c7b62d 3333333300000000000000000000000000000000000000000000000000000000
1 0 37 11 d5980189 0022200022022220000000020000000000000000000000000000000000022220
1 0 37 11 ede9a715 0000000300000030000003000000300000030000000300000003000300033330
1 0 37 12 fd2a5efe 0022222200222222002222220022222200222222002222220002222000002200
1 0 37 13 e8314662 0000002200000000000000000000000020000000220000002220000022222000
1 0 37 14 6415f4d1 2222222022222222222222222222222222222222222222222222222222222222
1 0 37 15 12bd9c2b 2022222200022222000022220000022200000022000000002222222222222222
1 0 37 16 e70a9b74 2222222222222222222222222222222222222222222222222222222222222220
1 0 38 0 a8c7b62d 3333333300000000000000000000000000000000000000000000000000000000
1 0 38 9 a8c7b62d 3333333300000000000000000000000000000000000000000000000000000000
1 0 38 10 4d11d4c6 0000000000000000000000000000000000000000000000000333300030003000
1 0 38 11 67c030ba 0000300000003000000300000030000303000030300000300000003000000033
1 0 38 11 9a44627a 0000000000000000200000000220000000020000000200000002000000220000
1 0 38 12 237def37 0020000020200000222000002200000020000000000000000000000000000000
1 0 38 13 83bfad00 0000000022000000022000000002200000002200000002000000002000000002
1 0 38 14 c1a7eb43 0000000200000002220000002200000022200000222000002220000022220000
1 0 38 15 84c47026 2222000022220000222000002220000022000000000000002222222222222222
1 0 38 16 6e73e348 2222222222222222222222222222222022222200222200002000000000000000
1 0 39 0 a8c7b62d 3333333300000000000000000000000000000000000000000000000000000000
1 0 39 9 a8c7b62d 3333333300000000000000000000000000000000000000000000000000000000
1 0 39 10 604d8b30 0000000000000000000000000000000000000000000000000000333300030003
1 0 39 11 5ac8e96c 0030000303000003300000300000030000003000000300000030000033000000
1 0 39 14 7694f9f7 0000000020000000200000002000000022000000020000000200000002000000
1 0 39 15 18f16ca7 0200000002000000020000000200000002000000020000002200000022000000
1 0 39 16 7637f95f 2000000020000000000000000000000000000000000000000000000000000000
1 0 40 0 a8c7b62d 3333333300000000000000000000000000000000000000000000000000000000
1 0 40 9 a8c7b62d 3333333300000000000000000000000000000000000000000000000000000000
1 0 40 10 6c62ec55 0000000000000000000000000000000000000000000000000000000300000030
1 0 40 11 5b6be5e5 0000030000003000000300000030000003000003030000300300030003333000
1 0 41 0 4d3ab76f 3333333330000000300000003000000030000000300000003000000030000000
1 0 41 1 2dad1c45 3000000030000000300000003000000030000000300000003000000030000000
1 0 41 2 2dad1c45 3000000030000000300000003000000030000000300000003000000030000000
1 0 41 3 2dad1c45 3000000030000000300000003000000030000000300000003000000030000000
1 0 41 4 2dad1c45 3000000030000000300000003000000030000000300000003000000030000000
1 0 41 5 2dad1c45 3000000030000000300000003000000030000000300000003000000030000000
1 0 41 6 2dad1c45 3000000030000000300000003000000030000000300000003000000030000000
1 0 41 7 2dad1c45 3000000030000000300000003000000030000000300000003000000030000000
1 0 41 8 2dad1c45 3000000030000000300000003000000030000000300000003000000030000000
1 0 41 9 4d3ab76f 3333333330000000300000003000000030000000300000003000000030000000
1 0 41 10 522227ba 0000000000000000000000000000000000000000000000003330000000300000
1 0 41 11 4ba95fd2 0030000000300000030000003000000000000000000000000000000000000000
1 0 42 10 0376bb95 0000002200000020000000200000002000000020000000200000002200000000
1 0 43 10 dff4db2c 2002002002020020020200200202002002020020020200202000220000000000
1 0 44 10 4ba816bb 0220222020000200200002002000020020000200200002000220020000000000
1 0 45 10 8c545259 0000002200000020000000200222002200000020000000200000002000000000
1 0 46 10 62098175 2000220002000200020002002200020002000200020002000200222000000000
2 0 17 25 960edc65 0000000000000000000000000000000000000000000000000000000200000022
2 0 17 26 57ce1165 0000002200000022000000200000002000000020000000220000002200000002
2 0 18 25 d24cd58d 0000000000000000000000000000000000000000000000002222200022222200
2 0 18 26 b3f58b7d 2222220022222200222202002222020022220200022222002222220022222000
2 0 19 25 14996c4f 0000000000000000000000000000000000000000000000000222002222220222
2 0 19 26 9b06ebe5 2222022222220220022202200222022202220222022202222222022222220022
2 0 20 25 236691fd 0000000000000000000000000000000000000000000000002220002222220222
2 0 20 26 8a25e06c 2222022202220220022202202222022222220222222202222222022222200222
2 0 21 25 236691fd 0000000000000000000000000000000000000000000000002220002222220222
2 0 21 26 24858a6e 2220222202202220022022222220222222202220222022202220222222200222
2 0 22 25 960edc65 0000000000000000000000000000000000000000000000000000000200000022
2 0 22 26 4ff565f2 2220000002200000220000002220000022200000222000002220000022000000
2 0 23 25 7939a145 0000000000000000000000000000000000000000000000000000002200000022
2 0 23 26 59836c05 0000002200000022000000220000002200000022000000220000002200000022
2 0 24 25 c4b5fbbd 0000000000000000000000000000000000000000000000002000220022002220
2 0 24 26 56a0b8cd 2200222022202220222222202222222020222220202222202002222020002220
2 0 25 25 7939a145 0000000000000000000000000000000000000000000000000000002200000022
2 0 25 26 3840846e 2222022222222222222222222222220222222002222220022222200222222002
2 0 26 25 68a64a5f 0000000000000000000000000000000000000000000000000000000000022000
2 0 26 26 673913d3 0002220020222200220222222202220222022202220222022202220222022200
2 0 27 26 7b42bbc8 2222200222222202222222222222222222222222220000022222220222222202
2 0 28 26 f6163b56 2022200022222202222222222220222222002222220022222200222222002220
2 0 29 25 318fd7a5 0000000000000000000000000000000000000000000000000000222000002220
2 0 29 26 96bd1f91 2222222022222222222222222200222222002222220022222222222222222220
2 0 30 26 f075fcd1 2222220022222220222222202200222022002220220022202222222022222200
2 0 38 11 ad00ccfe 2222222222222222022202220222022202220222022202220222022202220222
2 0 39 11 dfcb4838 0222000022220000222200000222000002220000022200000222000002220000
2 2 29 28 af18b6a2 0000000000000000000000000000000000000001000000110000011100001110
2 2 29 29 41773a71 0001110000111000001100000011000000110000001100000011000000110000
2 2 29 30 f4752905 0011000000110000001100000011000000110000001100000011000000110000
2 2 29 31 f71ccda5 0011100000111000001110000011100000111000001110000011100000111000
2 2 29 32 f71ccda5 0011100000111000001110000011100000111000001110000011100000111000
2 2 29 33 6c550eb5 0011100000111000001110000011100000110000001100000011000000100000
2 2 29 34 f4752905 0010000000110000001100000011000000110000001100000011000000110000
2 2 29 35 6c550eb5 0011100000111000001110000011100000110000001100000011000000110000
2 2 29 36 78e87a62 0011100000111000001110000011110000011100000111110000111100000000
2 2 30 27 af18b6a2 0000000000000000000000000000000000000001000000110000011100001110
2 2 30 28 33e3e0f4 0001110000111000011100001110000011000000100000000000000000000000
2 2 30 36 d1506a41 0000000011111111000000000000000000000000000000000000000000000000
2 2 31 27 74e88bb8 0001111100111111011100001110000011000000100000000000000000000000
2 2 31 36 d1506a41 0000000011111111000000000000000000000000000000000000000000000000
2 2 32 27 d1506a41 1111111111111111000000000000000000000000000000000000000000000000
2 2 32 36 74e88bb8 0000000000111111011100001110000011000000100000000000000000000000
2 2 33 27 dda8175d 1111111011111111000001110000000100000000000000000000000000000000
2 2 33 31 b96996f5 0000000000000000000000000000000000000000000000000000000000000011
2 2 33 32 f61e5585 0000011100000111000001110000011100000111000001110000011100000111
2 2 33 33 f61e5585 0000011100000111000001110000011100000111000001110000011100000111
2 2 33 34 30201045 0000011100000110000001100000011000000110000001100000011000000110
2 2 33 35 c7f5851e 0000011000000110000001100000011000000110000011100001110000111000
2 2 33 36 af18b6a2 0000000000000000000000000000000000000001000000110000011100001110
2 2 34 27 a0cba0dc 0000000010000000110000001100000011100000111000000110000001100000
2 2 34 28 5d326285 0110000001100000011000000110000001100000011000000110000001100000
2 2 34 29 ddd0fcc5 0110000001100000011000000110000001100000011000000110000001110000
2 2 34 30 1f794d85 0111000001110000011100000111000001110000011100000111000001110000
2 2 34 31 f976d31c 0111000001110000011100000111000001110000011100000111000011110000
2 2 34 32 4582167d 1111000011100000000000000000000000000000000000000000000000000000
3 0 0 0 1c4534e8 0000000000000000000000000000000000000000000000000000000000033330
3 0 0 1 638ca719 0033333303333333333333333330033333330033333330330333330000333330
3 0 0 2 1a1d97b6 0003333300003333033003333330033333330333333333330333333000333300
3 0 1 0 5a6a9468 0000000000000000000000000000000000000000000000000000000000003333
3 0 1 1 4e14bfcf 0003333330333333333333333333000033330000033300000333333303333333
3 0 1 2 08a97e12 0333333333330000333300003333000033333000033333330033333300033333
3 0 2 0 87da568f 0000000000000000000000000000000000000000000000000000000033333000
3 0 2 1 d97bcdfe 3333300033333000303330000033300000333000003330003033300030333000
3 0 2 2 e663cf9a 0033300000333000003330000033300000333000333333333333333330333333
3 0 3 0 5d6a9921 0000000000000000000000000000000000000000000000000000000000000333
3 0 3 1 117b730d 0000333300033333003333330033300000333000003330000033333300333333
3 0 3 2 cc881239 0033333300333000003330000033300000333300333333333303333330003333
3 0 4 0 56d7f7e2 0000000000000000000000000000000000000000000000000000000033300033
3 0 4 1 bb9ef867 3330033333303333330333000003330000033300000333003303330033033300
3 0 4 2 ed0f8bae 3003330000033300000333000003330000033330333333333330333333000333
3 0 5 0 594d2958 0000000000000000000000000000000000000000000000000000000033003333
3 0 5 1 0cc9c12b 3333333333333333333303330330033303300333000003330000033300000333
3 0 5 2 b027548c 0000033300000333003303330333033333330333333003333300033330000333
3 0 6 0 5d6a9921 0000000000000000000000000000000000000000000000000000000000000333
3 0 6 1 363c8405 3330000033000000300000003000000030000000300000003000000030000000
3 0 6 2 41b9d41f 3000000030000000300000003000000030000000300000003000000000000000
3 0 14 1 cbcdf5a8 0000000000000000000000000000000000000000000000000000000000333300
3 0 14 2 83baadf6 0333333033333333333333333333003333300033333300333333300003333300
3 0 14 3 e65b2c6e 0033333000033333330033333300033333300333333333330333333000333300
3 0 15 1 5c4599a8 0000000000000000000000000000000000000000000000000000000000033333
3 0 15 2 db781d22 0033333303333333333333333333300033330000333300000333333303333333
3 0 15 3 53a79cc8 0333333303330000333300003333000033330000033333330033333300033333
3 0 16 1 f0d06e7e 0000000000000000000000000000000000000000000000000000000030330000
3 0 16 2 3b718a67 3033300030333000303330000033300000333000003330000033300000333000
3 0 16 3 d551a5c9 0033300000333000003330000033300000333000303333333033333330033333
3 0 17 1 5d6a9921 0000000000000000000000000000000000000000000000000000000000000333
3 0 17 2 451c0c15 0000333300033333000333330003333000033300000333000003333300033333
3 0 17 3 cc6865d3 0003333300033300000333000003330000033300330333333300333333000333
3 0 17 8 bcd018a5 0000000500000055000005550000055000000550000005500000055000000550
3 0 17 9 98501e69 0000055500000555000005550000055000000550000005500000055000000550
3 0 18 1 56d7f7e2 0000000000000000000000000000000000000000000000000000000033300033
3 0 18 2 0c5c6d87 3330033333303333333033330000333000003330000033303300333033003330
3 0 18 3 8121a8c0 3300333000003330000033300000333000003330333033333330033333300033
3 0 18 8 49260def 5555500055555000555550000000000000000000000000050000000500000005
3 0 18 9 6b43b1aa 5555000555550055555500550000005500000055000000550000005500000055
3 0 18 25 3cf83425 0000000000000000000000000000000000000000000000000000222200022222
3 0 18 26 85bd4415 0022222200222222002222220022220000222222002222220022222200022222
3 0 19 1 56d7f7e2 0000000000000000000000000000000000000000000000000000000033300033
3 0 19 2 e4119223 3330033333330333333300030333000300330003000000030000000300000003
3 0 19 3 236f24ce 0000000300000003003300030033000303330003333300033330000333000003
3 0 19 8 80154cb8 0550000505500005555500055555000555550005555550055555500555555005
3 0 19 9 970b9446 5555500555555505555555055555550500005505000055050000550500005505
3 0 19 25 9b352c67 0000000000000000000000000000000000000000000000002000022222002222
3 0 19 26 39c23433 2220222222202222222002220220022222200222222002222200222220002222
3 0 20 1 5d6a9921 0000000000000000000000000000000000000000000000000000000000000333
3 0 20 2 44a84725 3330000033300000300000003000000030000000300000003000000030000000
3 0 20 3 f5b4df4d 3000000030000000300000003000000030000000300000003000000030000000
3 0 20 8 1c474d45 5000000050000000500000055000005550000055500000555000005550000055
3 0 20 9 e364904b 5000005550000055500000555000005550000055500000555555550555555500
3 0 20 24 43c0c3ad 2200022222000222220002222200022222000222220002222220022222222222
3 0 20 25 0f3aafc9 0222222200222222000002220000022200002222022222220222222002222200
3 0 20 25 306e3ecd 0000000000000000000000000000000000000000000000000022222002222222
3 0 20 26 2063020a 0222222202220222022202220222222202222222022222220222222000222200
3 0 21 1 6a691a98 0000000000000000000000000000000000000000000000000000000000003300
3 0 21 2 1c17dba1 0003330000033300000333000003330000033300000333000003333000033333
3 0 21 3 a2cbd47b 0000333300000333000000000000000000000000000003330000333300003333
3 0 21 8 c0a06e76 0555500055555500555555555005555550005555500055055000000550000005
3 0 21 9 dc748ab7 5000000550000005500000055000055550000555550055555555550055555000
3 0 21 24 d71208a4 0022222202222222222200002220000022200000222000002222222022222220
3 0 21 25 306e3ecd 0000000000000000000000000000000000000000000000000022222002222222
3 0 21 25 d932bf3c 2222222022200000222000002220000022200000022222220022222200022222
3 0 21 26 2063020a 0222222202220222022202220222222202222222022222220222222000222200
3 0 22 1 8acd8f55 0000000000000000000000000000000000000000000000000000000000330003
3 0 22 2 61514f2a 0333003303330333033333300333333003333330033333300333333033333330
3 0 22 3 5adaa9e0 3333333033333330333333303333333033333333333033333300033330000033
3 0 22 8 0af9f89a 0555550055555550555555555555555555005555550005555500055555000555
3 0 22 9 1cb0f82b 5500055555000555550005555500055555000555555055555555555005555500
3 0 22 24 30e2d3b8 0022220002222220222202222220002222200022022200000022200000022200
3 0 22 25 3af5f905 0000000000000000000000000000000000000000000000000022200002222200
3 0 22 25 f8c7aec6 0000222000000222000000222200002222200022022002220022222200022220
3 0 22 26 3d33419e 0222222002222220022222200222222002200220022002200222222000222200
3 0 23 1 5ed8047a 0000000000000000000000000000000000000000000000000000000033300333
3 0 23 2 82c9afcc 3333033333333333033333330033333300333333003333330033333300333333
3 0 23 3 c7738e38 0033333300333333003333330033333300333333333303333330003333000003
3 0 23 8 7a804775 5550005555500055555500555555005555555055555550555555555555555555
3 0 23 9 3af78193 5555555555505555555055555550055555500555555000555550005555500055
3 0 23 24 5fb5d7d5 0000000000000000000000002000000020000000000000000000000000000000
3 0 23 25 84d55796 0000000000000000200000002000000020000000200000000000000000000000
3 0 24 1 4ba61cb8 0000000000000000000000000000000000000000000000000000000000033333
3 0 24 2 8e8070e5 0003333300033333000333330003333300033333000333330003333300033333
3 0 24 3 8027efca 0003333300033333000333330003333330033333333330333333003333300033
3 0 24 6 3718be1b 0000000000000000000000000000000000000000000000004444444444444444
3 0 24 7 d44ca81e 4000000040000000400000004000444040004444400044444000444440004444
3 0 24 8 b0d65401 4000444440004440400044004000000040000004400000044000000040004000
3 0 24 8 cb8b1aa5 5000000050000000500000005000000050000000500000005000000050000000
3 0 24 9 a588a03c 5000000050000000500000005000000050000000500000005000000050000000
3 0 24 9 d4267dcf 4000440040004400400044404000444040004444400044444444444444444444
3 0 24 16 3718be1b 0000000000000000000000000000000000000000000000002222222222222222
3 0 24 17 1d4aa311 2220000022200000222000002220022222200222222002222220022222200222
3 0 24 18 1961c721 2220022222200222222002222220000022200000222000002220000022200020
3 0 24 19 7cd230bf 2220022222200222222002222220022222200222222002222222222222222222
3 0 24 25 9e8e524d 0000000000000000000000000000000000000000000000000002200000222200
3 0 24 26 38e821c5 0022222000222222002222220022222200222222002220220022200200222000
3 0 25 1 5c4599a8 0000000000000000000000000000000000000000000000000000000000033333
3 0 25 2 b39cbcc6 3333330033333330333333303003333030003330300033303003330033333000
3 0 25 3 3cfaef00 3333300033333300303333003003333030033330300033303000333000003300
3 0 25 6 2628efb9 0000000000000000000000000000000000000000000000000000044440004444
3 0 25 7 f803db9c 4400440004404400004444000044440000444400004444000044440000444400
3 0 25 8 e272dc91 0044440000444400044044004400440040004400400044004400440004004400
3 0 25 9 f79d6c53 0440440000404400004444000044440000444400004444004444444444444444
3 0 25 16 ecf2cc6f 0000000000000000000000000000000000000000000000002200022222200222
3 0 25 17 3d5ff212 0222022200222222000222220002222220022222220222222202222222022222
3 0 25 18 68f44afe 2202222220022222002222220222022222200222222002220222022202220222
3 0 25 19 cebef1af 0022222200222222200222222002222222022222220222222222222222222222
3 0 25 25 490e7a25 0000000000000000000000000000000000000000000000000220220002202200
3 0 25 26 34e28992 0220220002202202222022022220220222202202222022022220220222202202
3 0 26 1 e969e285 0000000000000000000000000000000000000000000000000000000000000003
3 0 26 2 09cfd205 0000003300000033000000330000003300000033000000330000003300000033
3 0 26 3 09cfd205 0000003300000033000000330000003300000033000000330000003300000033
3 0 26 6 6b1d8d25 0000000000000000000000000000000000000000000000004444444444444444
3 0 26 7 b9c8d46b 0000000400000004000000040444444404444444044000000440000004400000
3 0 26 8 dee69061 0440000004444444000000440000004400000044044444440440000004400000
3 0 26 9 28a13f8a 0440000004400000044444440444444400000004000000044444444444444444
3 0 26 16 6b1d8d25 0000000000000000000000000000000000000000000000002222222222222222
3 0 26 17 e40396e4 0000000000000000000000000022222200222222002220000022200000222000
3 0 26 18 48c70cb2 0022200000222222000000020000000200000002002222220022200000222000
3 0 26 19 4434ac02 0022200000222000002222220022222200000000000000002222222222222222
3 0 26 24 60848aa2 2220002222220022222200222222202222222022222222222222222222222222
3 0 26 25 52f19e13 2222222222222222222222222222022222220222222200222222002202220002
3 0 26 26 c9b93149 2202220022222220222222222220222022002220220022202200222022002220
3 0 27 1 5f4d32ca 0000000000000000000000000000000000000000000000000000000033000333
3 0 27 2 43544285 3300333333303333333333333333333333333333333333333330333333003333
3 0 27 3 250f1609 3300333333003333330033333300333333003333330033333300333330003303
3 0 27 6 d95667c3 0000000000000000000000000000000000000000000000004444444444444444
3 0 27 7 889f2e74 4440000044400000444000004440000044400044044000440440004404400044
3 0 27 8 835e42f5 0440004404400044044000440440004404400044044000440440004404400000
3 0 27 9 49f40d92 0440000004400044444000444440004444400044444000444444444444444444
3 0 27 16 d95667c3 0000000000000000000000000000000000000000000000002222222222222222
3 0 27 17 9b9f0170 2222200022222000222220002222200022222002002220020022200200222002
3 0 27 18 cd75e214 0022200222222002222220022222200222222002222220020022200200222000
3 0 27 19 631939ae 0022200000222002222220022222200222222002222220022222222222222222
3 0 27 24 699b773e 2000222222022222222222022222200222222002222220022222200222222002
3 0 27 25 3a5d8a6c 2222200222222002222220022222200222222002222220222202222222002222
3 0 27 25 7905f89d 0000000000000000000000000000000000000000000000000000000002200000
3 0 27 26 f3536cb9 2220022222222222222222222222222222222222222222002220222222200222
3 0 28 1 6ba64f18 0000000000000000000000000000000000000000000000000000000000033300
3 0 28 2 f29bff46 0033330000333330033333300333333033333333333333333333333333333333
3 0 28 3 fa3267ca 3333333333333333333333333330333333303333333033333330333333003333
3 0 28 6 805fd8cf 0000000000000000000000000000000000000000000000004000004444000444
3 0 28 7 e092fa75 4440044404440444004444440004444400044444400444444404444444044444
3 0 28 8 d7821a6e 4404444444044444440444444404444444044444440444444404444400044444
3 0 28 9 4a702017 0004444444044444440444444404444444044444440444444444444444444444
3 0 28 16 b4324d37 0000000000000000000000000000000000000000000000002200000222200002
3 0 28 17 f6211e61 0022000200022002000022020000022220000222220002222220022222200222
3 0 28 18 384f9952 2220022222200222222002222220022222200222222002222220022200000222
3 0 28 19 7ef99223 0000022222200222222002222220022222200222222002222222222222222222
3 0 28 24 7db3640c 0000000020000000220000002220000022200000222000002220000022200000
3 0 28 25 621a5155 2220000022200000222000002220000022200000222000002200000020000000
3 0 28 26 d5904506 2002202222022222222222222222222022222200000222002202220022022200
3 0 29 1 5ba635e8 0000000000000000000000000000000000000000000000000000000000033333
3 0 29 2 97ca8efa 0033333303333333333303333333003333330033333300003333000033330000
3 0 29 3 301d65ef 3333000033330000333300003333000333333033333333333033333000033300
3 0 29 6 b03385e5 0000000000000000000000000000000000000000000000004444444044444444
3 0 29 7 18b1b1f8 0000004400000004000000000004440000444440004444400044444000444440
3 0 29 8 a91479e5 0044444000444440004444400044444000444440004444400044444000444440
3 0 29 9 7bc62854 0044444000444440004444000000000400000044000004444444444444444440
3 0 29 16 77c31e25 0000000000000000000000000000000000000000000000002222222222222222
3 0 29 17 a2fee138 2000000020000000200000002000222020002222200022222000222220002222
3 0 29 18 d4b0b485 2000222220002222200022222000222220002222200022222000222220002222
3 0 29 19 5ef4d354 2000222220002222200022202000000020000000200000002222222222222222
3 0 29 26 7ae74e86 2000022222002222222222222222220022222200222222002222222222202222
3 0 30 1 27f595ec 0000000000000000000000000000000000000000000000000000000000333000
3 0 30 2 e64925a2 3333300333333003333330033333300333333003033330030333333303333333
3 0 30 3 ccb0dc24 0333333303333003333330033333300333333003033330030333300303330003
3 0 30 6 48616d65 0000000000000000000000000000000000000000000000000044444400444444
3 0 30 7 4ab3e34b 4044400444444004444440044444400444444004444440044444400444444004
3 0 30 8 e4720609 4444400444444004444440044444400044444000444440004444440044444440
3 0 30 9 f5425fdc 4444444444404444444004444440044444000444400004440000044400000444
3 0 30 16 1575e49c 0000000000000000000000000000000000000000000000000000222220002222
3 0 30 17 90fd5c26 2200220002202200002222000022220000222200002222000022220000222200
3 0 30 18 f803db9c 2200220002202200002222000022220000222200002222000022220000222200
3 0 30 19 f8ed1987 0022000200220002002200020022000202200002220000022000000200000002
3 0 30 25 a95b3ee5 0000000000000000000000000000000000000000000000002220000022200000
3 0 30 26 b3e55591 2220222222222222222222222222220022222200222222002222222222202222
3 0 31 1 9ad90e85 0000000000000000000000000000000000000000000000000000000033303330
3 0 31 2 d9d12cac 3333333333333333333333333333333333333333333333333333333333333333
3 0 31 3 443f0455 3333333333333333333333333333333333333333333333333333333333033303
3 0 31 6 913893ad 0000000000000000000000000000000000000000000000004444444444444444
3 0 31 7 d2060b25 4444044444440444444404444444044444440444444404444444044444440444
3 0 31 8 45cc4b26 4444044444440444444004440000044400000444000044440004444000444400
3 0 31 9 315ce89b 0044400000444000004440000044400000444000004440004444400044444000
3 0 31 16 913893ad 0000000000000000000000000000000000000000000000002222222222222222
3 0 31 17 ecf41545 0222000202220002022200020222000202220002022200020222000202220002
3 0 31 18 4dacc761 0222000202220002002000020000000200000002000000020000002000000200
3 0 31 19 a78f72e3 2000200020002000200020002000200020002000200020002222200022222000
3 0 31 26 00071635 2000000022000000222000002220000022200000222000002220000022000000
3 0 32 1 6cd8c61b 0000000000000000000000000000000000000000000000000000000033300033
3 0 32 2 8cfa4099 3330033333330333333333333333333333333333333333333333333333333333
3 0 32 3 2e6c51c3 3333333333333333333333333330333333303333333003333330033333000333
3 0 32 4 81f7bdf1 0000000000000000000000000000000000000000000000000000007700000777
3 0 32 5 87588a93 0000777700077000007700000770000077000000700000007000000070000000
3 0 32 6 ba7ec3e5 7000000070000007700000077000000770000007700000077000000770000007
3 0 32 7 83dfc825 7000000770000007700000077000000770000007700000077000000770000007
3 0 32 8 a75e26e5 7000000770000007700000077000000770000007700000007000000070000000
3 0 32 9 9505e65b 7000000077000000077000000077000000077000000077770000077700000077
3 0 32 14 81f7bdf1 0000000000000000000000000000000000000000000000000000002200000222
3 0 32 15 13faa9b0 2222000022222000222222002222222022222222222222222222222222222222
3 0 32 16 b4246265 2222222222222222222222222222222222222222222222222222222222222222
3 0 32 17 b4246265 2222222222222222222222222222222222222222222222222222222222222222
3 0 32 18 b4246265 2222222222222222222222222222222222222222222222222222222222222222
3 0 32 19 0e8ea6ff 2222222222222222022222220022222200022222000022220000022200000022
3 0 33 1 5baa077f 0000000000000000000000000000000000000000000000000000000030033333
3 0 33 2 889b82ff 3033333333333333333333333333000033330000333300003333333333333333
3 0 33 3 cc3d66e9 3333333333330000333300003333000033333000333333333033333300033333
3 0 33 4 6b1d8d25 0000000000000000000000000000000000000000000000007777777777777777
3 0 33 5 6c0c8331 7777777700000000000000000000000000000000000000000077770007777770
3 0 33 6 4f60043c 7700777770000777700007777000007770000077700000007000000070000000
3 0 33 7 e7a3e0cd 7000000070000000700777777007770070077700700777007007770070077700
3 0 33 8 ffa08c46 7007770070077777700000777000007770000777770077770777777000077700
3 0 33 9 ee9842eb 0000000000000000000000000000000000000000777777777777777777777777
3 0 33 14 6b1d8d25 0000000000000000000000000000000000000000000000002222222222222222
3 0 33 15 c7a8bb9b 2222222222222000222200002220000022000000200000002002222220222222
3 0 33 16 0656508f 2222222222222222222222222222222222222222222222222222222222222222
3 0 33 17 c10d1df5 2222222222222222222222222222222222222222222222222222222222222222
3 0 33 18 e80addbd 2222222222222222222222222222222222222222222222222022222220022222
3 0 33 19 54c72f96 2000000022000000222000002222000022222000222222222222222222222222
3 0 34 1 c74dd682 0000000000000000000000000000000000000000000000000000000033000000
3 0 34 2 8a497c26 3300000033000000300000000000000000000000000000003000000030000000
3 0 34 3 bec5e08a 0000000000000000000000000000000000000000330000003300000030000000
3 0 34 4 cf40a467 0000000000000000000000000000000000000000000000007770000077770000
3 0 34 5 0a88731f 7777700077777700077777700077777700077777000077770000077700000777
3 0 34 6 6aae9b6c 0000077770000777700007777000077777777777000000000000000000000000
3 0 34 7 796c3407 0000000000000000777777770000077700000777000007770000077700000777
3 0 34 8 579c9865 0000077770000777700007777000077770000777000007770000077700000777
3 0 34 9 93017f2b 0000077700007777000777770077777007777700777770007777000077700000
3 0 34 14 c16156eb 0000000000000000000000000000000000000000000000002222220022222222
3 0 34 15 db436585 2222222200000222000000220000000200000000000000002000000022220000
3 0 34 16 e802c801 2222200022222200222222002222222022222222000000000000000000000000
3 0 34 17 0574c2c6 0000000000000000222222222222000022220000222200002222000022220000
3 0 34 18 3fd55392 2222222022222220222222202222222022222200222222002222200022200000
3 0 34 19 0670a6d3 0000000000000000200000002200000022200000222222220222222200022222
3 0 35 5 f49e44d5 0000000000000000000000000000000070000000700000007000000070000000
3 0 35 6 9db74df6 7000000070000000700000007000000070000000000000000000000000000000
3 0 35 7 6fa2f67d 0000000000000000700000007000000070000000700000007000000070000000
3 0 35 8 cb8b1aa5 7000000070000000700000007000000070000000700000007000000070000000
3 0 35 9 c5513d2d 7000000070000000000000000000000000000000000000000000000000000000
3 0 35 15 ba2f2655 2000000022000000222000002222000022222000222222002222220022222200
3 0 35 16 1ddad4b1 2222220022222200222222002222220022222200000000000000000000000000
3 0 35 17 80e8500d 0000000000000000222222002222220022222200222222002222220022222200
3 0 35 18 8150b3a5 0022222200222222002222220022222200222222002222220022222200222222
3 0 35 19 aec92dc2 0022222200022222000022220000022200000022000000020000000000000000
3 0 36 5 343b47af 0000000700000077000007770000777700077777007777770077777700777777
3 0 36 6 8150b3a5 0077777700777777007777770077777700777777007777770077777700777777
3 0 36 7 8150b3a5 0077777700777777007777770077777700777777007777770077777700777777
3 0 36 8 8150b3a5 0077777700777777007777770077777700777777007777770077777700777777
3 0 36 9 aec92dc2 0077777700077777000077770000077700000077000000070000000000000000
3 0 36 15 f49e44d5 0000000000000000000000000000000020000000200000002000000020000000
3 0 36 16 cb8b1aa5 2000000020000000200000002000000020000000200000002000000020000000
3 0 36 17 cb8b1aa5 2000000020000000200000002000000020000000200000002000000020000000
3 0 36 18 cb8b1aa5 2000000020000000200000002000000020000000200000002000000020000000
3 0 36 19 c5513d2d 2000000020000000000000000000000000000000000000000000000000000000
3 0 37 4 548d3f52 0000000000000000000000000000000000000000000000000007777707777777
3 0 37 5 e3156b05 7777777777700000770000007000000000000000000000000000007700077777
3 0 37 6 fc7d5b21 0077777707777770077777700777777007777770077777700777777007777770
3 0 37 7 8ac5ed85 0777777007777770077777700777777007777770077777700777777007777770
3 0 37 8 f74c6b8a 0777777007777770077777700777777007777770077777770077777700000777
3 0 37 9 0670a6d3 0000000000000000700000007700000077700000777777770777777700077777
3 0 37 14 cf40a467 0000000000000000000000000000000000000000000000002220000022220000
3 0 37 15 0a88731f 2222200022222200022222200022222200022222000022220000022200000222
3 0 37 16 5923ad35 2220000222200022222000222220002222200022222000222220002222200022
3 0 37 17 59539ca5 2220002222200022222000222220002222200022222000222220002222200022
3 0 37 18 67dd91a5 2220002222200022222000222220002222200022222000222220000222200000
3 0 37 19 3d9a9460 2222000022222000222222000222222000222222000222220000222200000222
3 0 38 4 6b1d8d25 0000000000000000000000000000000000000000000000007777777777777777
3 0 38 5 b8a3d4e8 7777777700077777000077770000077700000077000000777777777777777777
3 0 38 6 f77bbe11 7777777777777777077777770777777707777777077777770777777707777777
3 0 38 7 c01ba785 0777777707777777077777770777777707777777077777770777777707777777
3 0 38 8 cb1eed7f 0777777707777777077777770777777707777777777777777777777777777777
3 0 38 9 e27eb88b 7777777700000077000007770000777700077777777777777777777777777777
3 0 38 14 6b1d8d25 0000000000000000000000000000000000000000000000002222222222222222
3 0 38 15 d8118b16 2222222200000000000000000000000000000000000000000222222022222222
3 0 38 16 84a70195 2220000222000000200000002000000020000000200000002000000020000000
3 0 38 17 ecbfee05 0000000200000002000000020000000200000002000000020000000200000002
3 0 38 18 174949f3 2000000020000000200000002000000022000000222000002222222222222222
3 0 38 19 f009283a 0222222000000000000000000000000000000000222222222222222222222222
3 0 39 4 81f7bdf1 0000000000000000000000000000000000000000000000000000007700000777
3 0 39 5 13faa9b0 7777000077777000777777007777777077777777777777777777777777777777
3 0 39 6 1c65be07 7777777777777777777777777777777777777777777777777777777777777777
3 0 39 7 a8cf4c65 7777777777777777777777777777777777777777777777777777777777777777
3 0 39 8 102aa049 7777777777777777777777777777777777777777777777777777777777777777
3 0 39 9 0a2b3bc4 7777777777777777777777707777770077777000777700007770000077000000
3 0 39 11 0a28f53e 0002222200022222000002200000022000000220000002200000022000000220
3 0 39 14 81f7bdf1 0000000000000000000000000000000000000000000000000000002200000222
3 0 39 15 87588a93 0000222200022000002200000220000022000000200000002000000020000000
3 0 39 16 a26dd123 2000000222000002220000022200000222000002220000022200000222000002
3 0 39 17 76784f25 2200000222000002220000022200000222000002220000022200000222000002
3 0 39 18 31714b8c 2200000222000002220000022200000222000002220000022000000200000002
3 0 39 19 9505e65b 2000000022000000022000000022000000022000000022220000022200000022
3 0 40 11 d65bbda3 2220022022222220022222200222022002200220022002200220022002200220
4 0 0 1 961d4645 0000000000000002000000020000000200000000000000000000000000000000
4 0 0 2 4cdf2585 0000000000000000000000020000000200000002000000000000000000000000
4 0 1 0 07b03f08 0000000000000000000000000000000000000000000000000000000002222200
4 0 1 1 b8185e4c 2222222022222222222222222222002222200022022200000022200000022200
4 0 1 2 d2c61625 0000222000000222220002222220022222202222222222220222222000222200
4 0 2 0 5bcd4558 0000000000000000000000000000000000000000000000000000000000222222
4 0 2 1 69a4a953 0222222222222222222220002222000022220000222200002222222022222222
4 0 2 2 3a8407b8 2222222222220000222200002222000022220000022222220022222200022222
4 0 3 0 82119ce9 0000000000000000000000000000000000000000000000000000000002220000
4 0 3 1 491dcff5 2222000022220000022200000222000002220000022200000222000002220000
4 0 3 2 3bd3ea00 0222000002220000022200000222000002220000022222222222222222222222
4 0 4 0 5c4599a8 0000000000000000000000000000000000000000000000000000000000022222
4 0 4 1 4bacf6dc 0022222202222222022220000222000002220000022200000222222202222222
4 0 4 2 ae0b1f36 0222222202220000022200000222000002220000002222222002222220002222
4 0 5 0 5a6b3fff 0000000000000000000000000000000000000000000000000000000020002222
4 0 5 1 f83d3ad4 2202222222222222002222000022200000222000002220000022200020222000
4 0 5 2 957963aa 2022200000222000002220000022200000222002220222222200222222000222
4 0 6 0 5c4a16d6 0000000000000000000000000000000000000000000000000000000020022222
4 0 6 1 d8ccfd90 2202222222202222222002222220022202200222000002220000022200000222
4 0 6 2 4a6cacdc 0000022200000222220002222220022222200222222002222200022220000022
4 0 7 0 5f57c026 0000000000000000000000000000000000000000000000000000000022000000
4 0 7 1 87b06425 2200000022000000000000000000000000000000000000000000000000000000
4 0 13 2 1993ad75 0000000200000022000000220000002200000002000000000000000000000000
4 0 13 3 7aa57a25 0000000000000000000000220000002200000022000000020000000000000000
4 0 14 1 28b2b192 0000000000000000000000000000000000000000000000000000000022220000
4 0 14 2 d17373f5 2222200022222202222222222220022222200222222200020222200200222202
4 0 14 3 601b1ee8 0002222200002222200022222200222222022222222222222222222002222200
4 0 15 1 1bb05e84 0000000000000000000000000000000000000000000000000000000002222220
4 0 15 2 98a809ea 2222222222222222222222222222200022220000222200002222220022222220
4 0 15 3 6c34127b 2222222222222222222200002222000022220000022222200222222200222222
4 0 16 1 c74dd682 0000000000000000000000000000000000000000000000000000000022000000
4 0 16 2 43215939 2220000022220000222220002222200022222000222220002222200022222000
4 0 16 3 fcffc39a 2222200022222000222220002222200022222000222222222222222222222222
4 0 16 8 33bdb905 0000000000000000000000020000000200000002000000020000000200000002
4 0 16 9 2ebe6ac5 0000000200000002000000020000000200000002000000020000000200000002
4 0 16 13 dcd119fb 0022222202222222222200002220000022200000222000002220000022222222
4 0 16 14 b30fd569 2222222222200000222000002220000022200000222200000222222200222222
4 0 17 1 5c4599a8 0000000000000000000000000000000000000000000000000000000000022222
4 0 17 2 23bcc70a 0022222202222222022222220222222002222200022222000222222202222222
4 0 17 3 73de604e 0222222202222222022222000222220002222200002222222002222222002222
4 0 17 8 cd7c111d 0222222222222222222222222222200022220000222200002222000022220000
4 0 17 9 0085d131 2222220022222220222222202222000022220000222200002222000022220000
4 0 17 13 6d357947 2220000222220002022200020222200202222002022222020222220202222222
4 0 17 14 d13ba313 0222222202220222022202220222002202220022022200022222000222220002
4 0 18 1 5a6b3fff 0000000000000000000000000000000000000000000000000000000020002222
4 0 18 2 eab59a36 2202222222222222222222220022222000222200002222000022220020222200
4 0 18 3 88fb0518 2222220022222200002222000022220000222202200222222200222222200222
4 0 18 8 b4ee84ba 0002220020022220202222200022222000222222022222220222222202222222
4 0 18 9 fa372abc 0222222222222222222222222222222222220022222200222222002222220022
4 0 18 13 9901c3f5 2222222222222222220022202200222022002220220022202200222022002220
4 0 18 14 4648be53 2200222022002220220022202200222022002220220022202200222022002220
4 0 18 17 307ebef9 0000002200000222000022220000222200022222000222220002222200022222
4 0 18 18 307ebef9 0000002200000222000022220000222200022222000222220002222200022222
4 0 19 1 5c4599a8 0000000000000000000000000000000000000000000000000000000000022222
4 0 19 2 d8017368 2002222222022222222002222222022202220222000002220000022200000222
4 0 19 3 4e6b9614 0000022200000222222002222222022222220222222202222220022222000022
4 0 19 8 4730831d 0222000002222000022220000222200002222000022220000222200022222000
4 0 19 9 fe7f018e 2222200022222000222220002222200022222000222220002222222222222222
4 0 19 13 5cf06593 2002222220222222022200000220000002200000022000000220000002222222
4 0 19 14 44543c04 0222222202200000022000000220000002200000022200000022222200022222
4 0 19 17 c22863a4 2200000022000000200000002000000000000000000000000000000000000000
4 0 19 18 4f6e1a96 0000000000000000000000002000000020000000220000002220000022000000
4 0 19 24 b6b72365 0002220000222200002222000022220000222200002222000022222000222222
4 0 19 25 41bf6658 0002222200002222000000000000000000000000000002220000222200022222
4 0 20 1 8f6b936e 0000000000000000000000000000000000000000000000000000000020000000
4 0 20 2 85b85bf5 2200000022200000200000002000000020000000200000002000000020000000
4 0 20 3 2dad1c45 2000000020000000200000002000000020000000200000002000000020000000
4 0 20 8 63120dce 0002222000222222022222220222222202222202022220000222200002222000
4 0 20 9 e5381eae 0222200002222000022220000222200202222002002220222002222222002222
4 0 20 13 308e70f7 2222222222222222022200220222000202220002022200020222002202220222
4 0 20 14 8688f53f 0222222202222222022200220222002202220002022200022222000222220002
4 0 20 24 dbcffa17 0222002222220222222222202222222022222220222222202222222222222222
4 0 20 25 66e43024 2222222222222220222222202222222022222222222222222200222220000222
4 0 21 1 c8cdf0ef 0000000000000000000000000000000000000000000000000000000000222000
4 0 21 2 c2be70c1 0022220000222200002222000022220000222200002222000022222000022222
4 0 21 3 5ec39d50 0000222200000000000000000000000000000002000022220000222200000222
4 0 21 8 f5433415 0000222200022222202222222222222222222220222222000022220000222200
4 0 21 9 872e172b 0022220000222200002222002222220022222200220222022000222200000222
4 0 21 13 dd1bfb47 0000000020000000220000002200000022000000220000002200000020000000
4 0 21 14 cdb4cf30 0000000000000000200000002000000022000000220000002200000022000000
4 0 21 24 9c33a8ec 2222002222200222000022220002222000022220000222222220222222200222
4 0 21 25 0193a0d8 2200002200000002000000000000222000022220222222222220222222000222
4 0 22 1 5aff0d9e 0000000000000000000000000000000000000000000000000000000022200222
4 0 22 2 d0c0f661 2222222222222222222222222222222222222220222222202222222022222220
4 0 22 3 60ce0533 2222222022222220222222202222222022222220222222222220022222000022
4 0 22 8 ee2756a6 0002220020022200220222202222222022222222222222222222222222222222
4 0 22 9 3a15908e 2222222222222222222222222222222022222220222222202222222022022220
4 0 22 13 7d460ab3 2220002222200022222000222220002222200022222000222220002202220022
4 0 22 14 430380bd 0022222200022222000000220000002200000022000002220222222202222220
4 0 22 24 78b88658 2220000022220000222220000222200002220000000000002000000022000000
4 0 22 25 cdad25bf 2220000022220000222220000222200002222000022200002220000020000000
4 0 23 1 8a5803d7 0000000000000000000000000000000000000000000000000000000022002220
4 0 23 2 3f6c0a2a 2220222222222222222222220222222202222222022222220222222202222222
4 0 23 3 8ed7973b 0222222202222222022222220222222222222222222222222222202222220002
4 0 23 8 e99367f5 0220000002220000022200000222000002220000022200002222000022220000
4 0 23 9 bf22a543 2222000022220000222200002222000022220000022200000222000002220000
4 0 23 13 5ca4c589 2002222220222222222220222222200222222002222220022222200222222002
4 0 23 14 99556aa0 2222200222222002222220022222200222222002222220220022222200022222
4 0 24 1 5ccd46eb 0000000000000000000000000000000000000000000000000000000000222222
4 0 24 2 60ab6ac5 0022222200222222002222220022222200222222002222220022222200222222
4 0 24 3 f1b40914 0022222200222222002222220022222202222222222222222222222222220022
4 0 24 13 66e6999e 0022200022222002222220022222200222222002222220022222200222222002
4 0 24 14 006374c7 2222200222222002222220022222200222222002222222222022222200022222
4 0 25 1 a8141752 0000000000000000000000000000000000000000000000000000000022220000
4 0 25 2 5f3f5a88 2222200022222200200222002002220020022200202222002222220022222000
4 0 25 3 29657da8 2222000002220000002220000022200000022200000222000002220000002200
4 0 25 13 a330d745 2222222222222222222222022222220022222200222222002222220022222202
4 0 25 14 d85b57cc 2222222222222222222222222222222222222202222222022022220200222202
4 0 25 24 c7e4accb 0000022000002222000022220000222200002222000022220000222200002222
4 0 25 25 6dfe5f05 0000222200002222000022220000222200002222000022220000222200002220
4 0 26 1 c74dd682 0000000000000000000000000000000000000000000000000000000022000000
4 0 26 2 59836c05 0000002200000022000000220000002200000022000000220000002200000022
4 0 26 3 216da7e5 0000002200000022000000220000002200000022000000220000002200000002
4 0 26 13 bf7e01cd 2200000022200000222200002222000022220000222200002220000022200000
4 0 26 14 6751d85c 2200000022000000222000002220000022220000222200002222000022200000
4 0 26 24 542d05c3 0002220000222202002222222022222220222222222222222222222222222222
4 0 26 25 fcad748b 2222222222222222222222220222222202222222002222220022222200222002
4 0 27 1 8a6dca26 0000000000000000000000000000000000000000000000000000000020002220
4 0 27 2 99f741fd 2000222022022220222222202222222022222220222222202022222020002220
4 0 27 3 ece65f13 2000222220002222200022222000222220002222200022222000222220000220
4 0 27 13 df97c205 0000222000022220000222220002222200022222000222220002222200022222
4 0 27 14 db3d6369 0002222200022222000222220002222000022220000222200002222000022220
4 0 27 24 30cff9dc 2222000022222000002222000002220000022200000222000002220000022200
4 0 27 25 67dae438 0002220000022200000222000002220000022200200222002222200022220000
4 0 28 1 cacdf415 0000000000000000000000000000000000000000000000000000000000220000
4 0 28 2 fdb99bc6 0022200002222200022222000222220022222220222222202220222022202220
4 0 28 3 3968c068 2222222222222222222222222200022222000222220002222200022222000222
4 0 28 13 ead1479d 0022200202222002022220220222202222222222222222222222222222222222
4 0 28 14 66b3dfd4 2222222222222222222222222222222222222222022222220222222202222222
4 0 28 17 de012c4f 0002222200002222000022220000022200000222000002220000022200000222
4 0 28 18 3e354215 0000022200000222000002220000022200002222000022220002222200002222
4 0 29 1 cbcdf5a8 0000000000000000000000000000000000000000000000000000000000222200
4 0 29 2 a31cb144 0222222022222222222222222222002222200022222000002220000022200000
4 0 29 3 86c42d30 2220000022200000222000222220002222200222222222220222222000222200
4 0 29 13 643d62fb 2220002222202222222222222222222222222222222222222222222222222222
4 0 29 14 16d9f573 2222222222222222222222222222222202222222022222220222222202222222
4 0 29 17 39501db9 2000000022000000222000002220000022220000222200002222000022220000
4 0 29 18 39501db9 2000000022000000222000002220000022220000222200002222000022220000
4 0 30 1 40d403a9 0000000000000000000000000000000000000000000000000000000002200002
4 0 30 2 0c2b3e6e 0220000202200002022000020220000202200002022000020222222202222222
4 0 30 3 a4727c97 0222222202200002022000020220000202200002022000020220000202200002
4 0 30 13 fcd112b6 2002222220222222222222222222222222222222222222222202222220022222
4 0 30 14 9ceee6f4 2002222220022222200222222002222220022222200222222002222220022222
4 0 31 1 5046325b 0000000000000000000000000000000000000000000000000000000020022002
4 0 31 2 f77cae95 2002200220022002200220022002200220022002200220022002200220022002
4 0 31 3 d36b5a81 2002200220022002200220022002200220022002200220022002200220022002
4 0 31 13 4758159d 0222222222222222222000002200000022000000220000002200000022222200
4 0 31 14 56ca3145 2222220022000000220000002200000022000000222000002222222222222222
4 0 32 1 40d403a9 0000000000000000000000000000000000000000000000000000000002200002
4 0 32 2 64c2c634 2000022022000220220002202220022022200220222202202222022022222220
4 0 32 3 a1f5ee00 2022222020222220200222202002222020002220200022202000222020000220
4 0 33 1 5bcd4558 0000000000000000000000000000000000000000000000000000000000222222
4 0 33 2 5e6feacb 0222222222222222222222222220000022000000220000002222222022222220
4 0 33 3 002d4d2e 2222222022000000220000002200000022200000222222220222222200222222
5 0 0 0 b4698f16 0000000000000000000000000000000000000000000000000000000000002222
5 0 0 1 9c1ed795 0000222200002222000022220000222200002222000022220000222200002222
5 0 0 2 f9884292 0000222200002222000022220000222200002222000022220000222200000222
5 0 1 0 0b34a9a8 0000000000000000000000000000000000000000000000000000000022200002
5 0 1 1 720b3349 2222002222222222002222220022222200222222022222222222222222222222
5 0 1 2 79b0b990 2222022200222222002222220022222200222222022222222222200222220000
5 0 2 0 0bd40d68 0000000000000000000000000000000000000000000000000000000022220002
5 0 2 1 3e6993b4 2222222222222222220002222000022220000222200002222222222222222222
5 0 2 2 82f287a6 2222222220000222200002222000022220000222222222222222222222222202
5 0 3 0 0bd40d68 0000000000000000000000000000000000000000000000000000000022220002
5 0 3 1 5150f7e6 2222200222222202222222022002222220022222200000022022220220222222
5 0 3 2 f1a6d243 2022222220022222200222222002222220222222222222222222220222222000
5 0 4 0 30fb5717 0000000000000000000000000000000000000000000000000000000022022200
5 0 4 1 718815bd 2222222022222220222222222222222222222222222222222222222222222222
5 0 4 2 33378ed5 2222222222222222222222202222222022222220222222202222222022202220
5 0 5 0 04d640fa 0000000000000000000000000000000000000000000000000000000002222220
5 0 5 1 b820157b 0222222202222222022222220222222222222222222222222222222222222222
5 0 5 2 061363e2 2222222222222222222222222222222202222222022222220022222200222222
5 0 6 0 88e00b22 0000000000000000000000000000000000000000000000000000000000222000
5 0 6 1 118afcad 0022220200222222002222222022222220222222222222222222222222222222
5 0 6 2 48c0e8e5 2222222222222222022222220222222200222222002222220002220200022200
5 0 7 0 fcd3f5cb 0000000000000000000000000000000000000000000000000000000022222022
5 0 7 1 748d0ab4 2222222222222222220002222000022220000222200002222222222222222222
5 0 7 2 7ff8b456 2222222220000222200002222000022220000222222222222222222222222222
5 0 8 0 b4698f16 0000000000000000000000000000000000000000000000000000000000002222
5 0 8 1 f7f49cbb 2222200022222200200222202002222020022220200222202022222022222200
5 0 8 2 79e2c202 2222200022220000202220002022220020022200200222202002222020002220
5 0 16 13 e14c57a5 0022222202222222222222222222220022222200222222002222220022222222
5 0 16 14 51c65d23 2222222222222200222222002222220022222200222222200222222200222222
5 0 17 13 d23012d3 2222220222222202022222220222222202222222022222220222222222222222
5 0 17 14 4db11cb3 2222222202222222022222220222222202222222022222222222222222222202
5 0 18 13 e0061935 2222222222222222222022222220222222202222222022222220222222202222
5 0 18 14 ac170193 2220222222202222222022222220222222202222222022222220222222202222
5 0 18 17 307ebef9 0000002200000222000022220000222200022222000222220002222200022222
5 0 18 18 307ebef9 0000002200000222000022220000222200022222000222220002222200022222
5 0 19 13 26c1b2c9 2002222220222222022222000222200002222000022220000222200002222222
5 0 19 14 d2221fa2 0222222202222000022220000222200002222000022222220022222200022222
5 0 19 17 e80a97e4 2222000022200000222000002200000022000000220000002200000022000000
5 0 19 18 c6c0629c 2200000022000000220000002200000022200000222000002222000022200000
5 0 20 8 efd6eb05 0002200000022000002222000022220002222220022222200222222002222220
5 0 20 9 f2a96cb3 2222222222222222222222222222222222200222222002222220022222200222
5 0 20 13 ab23eddd 2222222222222222002222020022220000222200002222000022220220222222
5 0 20 14 bcbd2e69 2222222200222222002222220022220200222202002222002222220022222200
5 0 20 21 a9697dc5 0000000000000000000000000000000000000000000000000000000000000002
5 0 20 22 99de940a 2200000022000000220000002200000022000000220000002200000022000000
5 0 20 23 3793e273 2200000022000000220000002200000022000000222222202222222222222222
5 0 21 8 6ee27d98 0222222002222222022222220222002202220022022200220222022202222222
5 0 21 9 54f4e065 0222222002222220022222220222222202220222022202220222002202220022
5 0 21 13 4d4618b5 2000000022000000222000002220000022200000222000002220000022000000
5 0 21 14 cebe58c0 2000000020000000220000002200000022200000222000002220000022200000
5 0 21 21 d0d3b087 0000000000000000000000000000000000000000000000000000000022222200
5 0 21 22 0bf1298d 0222222222222222222200002220000022200000222000002222222022222222
5 0 21 23 f90b85bc 2222222222200000222000002220000022200000022222220022222200022222
5 0 22 8 40f8b68d 0000222200022222202222222022200020222000202220002022200000222222
5 0 22 9 88552b56 0022222200222222002220000022200020222000202220002022222220022222
5 0 22 13 18906f03 0222000202222002022220020222200202222002022220020222200202222202
5 0 22 14 65c7eb85 0022222200022222000000020000000200000002000000220022222200222222
5 0 22 21 b137ed91 0000000000000000000000000000000000000000000000000000000002200002
5 0 22 22 4c688a96 2222000222220002022200020222000202220002022200020222000202220022
5 0 22 23 a54fc6ae 0222002200222022002220220022222200022222000222222000222220000220
5 0 23 8 3560d765 2200002222000022220002220000022200002222000022220000222220002222
5 0 23 9 76c1a6e7 2002222220022222000222220002222200022200000222002202220022022200
5 0 23 13 332bd691 2200222222022222222222002222200022222000222220002222200022222000
5 0 23 14 851c56e6 2222200022222000222220002222200022222000222222022002222200002222
5 0 23 21 0bd40d68 0000000000000000000000000000000000000000000000000000000022220002
5 0 23 22 924e347a 2202222222222222222222002222200022222000222220002222222222222222
5 0 23 23 c92415b9 2222222222222000202220002022200020222000000222220000222200000222
5 0 24 8 f50d5895 0000000000000000200000002000000022000000220000002200000022000000
5 0 24 9 ee898981 2220000022200000222000002220000022200000222000002220000022200000
5 0 24 13 9718e454 2002220022022200222222002222220022222200222222002222220022222200
5 0 24 14 e3e5858f 2222220022222200222222002222220022222200222222202200222220000222
5 0 24 21 2cfb50cb 0000000000000000000000000000000000000000000000000000000022022000
5 0 24 22 71671a6f 2222220022222200000222000002220000022200000222002002220022022200
5 0 24 23 1001e1d1 2202220000022200000222000002220000022200220222222222222222222222
5 0 25 13 1355e115 0222222202222222022222200222222002222220022222200222222002222220
5 0 25 14 8a36ec58 0222222202222222022222220222222002222220222222202220222022002220
5 0 25 23 94d015b7 0000000000000000000000000000000000000000222000002222000022220000
5 0 26 13 22589321 2220000022220000022220000022200000222000002220000222200022220000
5 0 26 14 7680f80c 2220000022200000222200002222000002222000022220000022200000222000
5 0 27 9 60709224 0000000000000000000000040000004400000444000044440004444400044440
5 0 27 10 3e5de7a9 0004444400004444000004440000004400000004000000000000000000000000
5 0 27 13 087a9445 0000022000000222000002220000022200000222000002220000022200000222
5 0 27 14 c65ef029 0000022200000222000002220000022200000222000002220000022200000222
5 0 28 9 2a491c63 0000000044400000444000004440000044000000400000000000000000000000
5 0 28 10 bfdb35a3 0000000040000000440000004440000044400000444000000000000000000000
5 0 28 13 739d276b 0002220000022200000222002002220220022202220222022202220222222202
5 0 28 14 bd2e9064 2222222202222222022222220022222200222222000222220002222200022222
5 0 28 17 7227dd25 0000022200000222000000220000002200000002000000020000000200000002
5 0 28 18 92f832c7 0000000200000002000000020000002200000022000002220000222200000222
5 0 29 9 8de75c65 0002222200222222002222220022222200222200002222000022220000222200
5 0 29 10 ab043268 0022220000222200002222000022220000222200002222000022222200222222
5 0 29 13 3cc3cb55 0002222200222222002222220022220000222200002222000022220000222200
5 0 29 13 602b5b8d 0220002222220022222200222222202222222022222220222222202222222022
5 0 29 14 223bf7e7 0022220000222200002222000022220000222200002222220002222200000000
5 0 29 14 278d627b 2222222222222222222222222222222220022222200222222002222220022222
5 0 29 17 39501db9 2000000022000000222000002220000022220000222200002222000022220000
5 0 29 17 a212be75 0022222200222222002222000022220000222200002222000022220000222200
5 0 29 18 223bf7e7 0022220000222200002222000022220000222200002222220002222200000000
5 0 29 18 39501db9 2000000022000000222000002220000022220000222200002222000022220000
5 0 30 9 c3cd6176 2200222022222220222222202222222022222220222222202222222022222220
5 0 30 10 e8f92c49 2222222022222220222222202222222022222220222222222200222220000222
5 0 30 13 80d8ddd6 2000222020002220220222222222222222222222222222222220222220002222
5 0 30 13 c3cd6176 2200222022222220222222202222222022222220222222202222222022222220
5 0 30 14 6f97a8f4 2000222220002222200022222000222220002222200022222000222020002220
5 0 30 14 d3504b64 2222222022222220222222202222222022222220222202222200002200000000
5 0 30 17 2ba74e36 2200222022202220222222202222222022222220222222202222222022222220
5 0 30 18 021afea4 2222222022222220222222202222222022222220222002222200002200000000
5 0 31 9 6d170161 0022200202222022022222220222222202222222022222220222222202222222
5 0 31 10 6a0141d8 0222222202222222022222220222222202222222022202222220002222000002
5 0 31 13 4758159d 0222222222222222222000002200000022000000220000002200000022222200
5 0 31 13 6d170161 0022200202222022022222220222222202222222022222220222222202222222
5 0 31 14 32997fc2 0222222202222222022222220222222202222222222222222222000200000000
5 0 31 14 56c5b417 2222220022000000220000002200000022000000222000002222222202222222
5 0 31 17 c9a1b049 0222202202222222022222220222222202222222022222220222222202222222
5 0 31 18 183d9bd0 0222222202222222022222220222222202222222222200222220000200000000
5 0 32 9 4401ee28 2222000222222022002222020002220200022002000000020000000200000002
5 0 32 10 73e33efa 0000000200000002000000020002220200222202202220022222000222200002
5 0 32 13 994519fb 2222000222222222022222020022220200000002000000020000000200000002
5 0 32 14 e7f742f3 0000000200000002000000020002220200222202222220022222000000000000
5 0 32 17 04fe41cb 2222002220222202000222020000220200000002000000020000000200000002
5 0 32 18 80d322e8 0000000200000002000220020002220200222202222220022222000000000000
5 0 33 9 880a5c4f 2222200022222000222000002220000022200000222000002220000022200000
5 0 33 10 88e778e9 2220000222200022222000222220000022200000222000002220000022200000
5 0 33 13 880a5c4f 2222200022222000222000002220000022200000222000002220000022200000
5 0 33 14 850c5434 2220002222200022222000002220000022200000222000002220000000000000
5 0 33 17 eb01235c 2222200022200000222000002220000022200000222000002220000022200022
5 0 33 18 76888444 2220002222200002222000002220000022200000222000002220000000000000
5 0 34 9 41c011d5 0000000000000000000000020000000200000002000000220000002200000022
5 0 34 10 02073810 2222202222222022222202220000022200000222000002220000022200000222
5 0 34 13 f853c819 0000002200000222000002220000022200000222000002220000022200000222
5 0 34 14 0e645395 2222222222222222000002220000022200000222000002220000002200000000
5 0 34 17 5fb13454 0000002200000222000002220000022200000222000002220000022222220222
5 0 34 18 e8306999 2222222222222222000002220000022200000222000000220000000000000000
5 0 35 9 d197f223 0222000022220000222220002222200022222000222222002222220022222200
5 0 35 10 db195317 2222220022222220222222202222222020222220202222202022222020022200
5 0 35 13 dbc9f3c9 2222200022222200202222202002222020022220200222202002220022222000
5 0 35 14 1fca6e09 2002220020022220200222202002222020222220222222002222200000000000
5 0 35 17 709c10ba 2222200022222200200222202002222020000000200000002000000020000000
5 0 35 18 b66edf1b 2000000020000000200222002002222020222220222222002222200000000000
5 0 36 9 b092b205 0000000000000000000000000000000000000002000000020000000200000002
5 0 36 10 4e447e05 0000002200000022000000220000002200000022000000220000002200000022
5 0 36 13 b092b205 0000000000000000000000000000000000000002000000020000000200000002
5 0 36 14 afd9c745 0000002200000022000000220000002200000022000000220000000200000000
5 0 36 17 746fbcc5 0000000000000000000000000000000200000002000000020000000200000002
5 0 36 18 afd9c745 0000002200000022000000220000002200000022000000220000000200000000
5 0 37 9 91efd495 0222200002222002222222022222220222222202222222222222222222222222
5 0 37 10 3bece134 2222222222222222222222222222222222002222220022222200222222002222
5 0 37 13 df7851f8 0222200022222002222222022222220222222202222222022222222222222222
5 0 37 14 9cb8d421 2222222222222222222222222200222222002222220022222200022200000000
5 0 37 17 a1db94d8 0222200222222002222222022222220222222202222222222222222222222222
5 0 37 18 9cb8d421 2222222222222222222222222200222222002222220022222200022200000000
5 0 38 9 09a2662f 2222222022222222222022222220022222200222222002222220022222200222
5 0 38 10 60345d38 2222222022222220222022222220222222200222222002222220022222200222
5 0 38 13 09a2662f 2222222022222222222022222220022222200222222002222220022222200222
5 0 38 14 845024d9 2222220222222222222022222220222222200222222002222220022200000000
5 0 38 17 99215e34 2222222022202222222022222220222222202222222022222222222222222222
5 0 38 18 ceb5412e 2222220222222222222022222220022222200222222002222220002200000000
5 0 39 9 a116ffc1 0002222220222222222220002222000022220000222200002222000022222222
5 0 39 10 5cd642e3 2222222222220000222200022222000222220002222220022222222200222222
5 0 39 13 b09ab2e4 0002222200222222222220002222000022220000222200002222000022222222
5 0 39 14 183c5fbb 2222000022220002222200022222000222220002202220002002222200000000
5 0 39 17 4f1df329 0222222222222000222200002222000022220000222200002222222022222222
5 0 39 18 147349d8 2222000022220002222200022222000222222002222222222002222200000000
5 0 40 9 5b71131a 2000222020222220002222220222222202222222022222222222222222222222
5 0 40 10 9ca985c3 2222222222222222222222222222222222220222222202222222022222200222
5 0 40 13 5570f807 2000222020222220002222220222222202222222222222222222222222222222
5 0 40 14 07d8f99d 2222222222222222222222222222022222220222222202222222000200000000
5 0 40 17 81698ce6 2022222000222220022222220222222202222222222222222222222222222222
5 0 40 18 07d8f99d 2222222222222222222222222222022222220222222202222222000200000000
5 0 41 9 0dc17fa7 0000000000000000000000000000000000000000200000002000000020000000
5 0 41 10 e0567ebe 2000000022000000220000002200000022000000220000002200000020000000
5 0 41 13 0dc17fa7 0000000000000000000000000000000000000000200000002000000020000000
5 0 41 14 0658f927 2000000022000000220000002200000022000000220000002200000000000000
5 0 41 17 0dc17fa7 0000000000000000000000000000000000000000200000002000000020000000
5 0 41 18 0658f927 2000000022000000220000002200000022000000220000002200000000000000
5 0 42 9 505ee814 0000000000444400004444400044444400044444000044440000044400000044
5 0 42 10 cf1684f4 0000044400004444000444440044444400444440004444000000000000000000
5 0 43 9 880f8939 0000000000000000000000000000000040000000440000004440000044400000
5 0 43 10 d9a6aa2e 4440000044000000400000000000000000000000000000000000000000000000
6 0 0 0 04d640fa 0000000000000000000000000000000000000000000000000000000002222220
6 0 0 1 56886ea7 2222222222222222222002222220002222200022222000222222222222222222
6 0 0 2 49e77235 2222222222200222222000222220002222200022222222222222222022222200
6 0 1 0 b4698f16 0000000000000000000000000000000000000000000000000000000000002222
6 0 1 1 b7c1d6b0 0002222220222222222200002222000022220000222200002222222202222222
6 0 1 2 b037b8fa 2222222222220000222200002222000022222000222222220022222200022222
6 0 2 0 005d3ac7 0000000000000000000000000000000000000000000000000000000022002222
6 0 2 1 537d48ec 2202222220222222022200220222000202220002022200000222000202220022
6 0 2 2 d255fd81 0222002202220022022200020222000202222002222222222222222220022220
6 0 3 0 64691126 0000000000000000000000000000000000000000000000000000000000002200
6 0 3 1 b9e5e235 2002220222022202220222022202220222022202000222022202220222022202
6 0 3 2 54f76d01 2202220222022202220222022202220222022202200222020002220200022202
6 0 4 0 fb5d32e8 0000000000000000000000000000000000000000000000000000000022000022
6 0 4 1 9ab931c9 2200022222200222222002222222022222220222222222222222222222222222
6 0 4 2 7b3287ae 2222222222022222220222222200222222002222220002222200022222000222
6 0 5 0 0b34a9a8 0000000000000000000000000000000000000000000000000000000022200002
6 0 5 1 50dcfdd0 2220002222220022222200222222202222222022222222222222222222222222
6 0 5 2 66c733e3 2222222222202222222022222220022222200222222000222220002222200022
6 0 6 0 f0661bf3 0000000000000000000000000000000000000000000000000000000020002222
6 0 6 1 b82da9b4 2002222220222222222200002222000022220000222200002222222222222222
6 0 6 2 d524f735 2222222222220000222200002222000022220000222222222022222220022222
6 0 7 0 00d3fc17 0000000000000000000000000000000000000000000000000000000022222222
6 0 7 1 9cd0ba47 2222222222222222022200220222000202220002022200020222002202222222
6 0 7 2 069412dd 0222222002222222022202220222002202220022222200022222000222220002
6 0 8 1 9707a028 2000000022000000220000002200000022000000220000002000000000000000
6 0 8 2 0886bf9e 0000000000000000200000002000000022000000220000002200000022000000
6 0 16 12 e6776b89 0000000000000000000000000000000400000044000004440000444400004444
6 0 16 13 c7564744 0000444400000444000000440000000400000000000000000000000000000000
6 0 17 12 25affadf 0000000004440000444400004444000044400000440000004000000000000000
6 0 17 13 9ca0201f 4000000044000000444000004444000044440000044400000000000000000000
6 0 18 12 41201639 0000000000000002000000220000022200000222000002220000022200000222
6 0 18 13 0436bd29 0000022200000222000002220000022200000222000002220000022200000022
6 0 18 14 10b16fc5 0000000200000000000000000000000000000000000000000000000000000000
6 0 19 8 41602395 0000022200000222000022220000222200022222000222220002222200022222
6 0 19 9 587157d9 0022222200222222002222220022222200222200002222000022220000222200
6 0 19 12 ce3049be 2222002222222022222222220022222200022022000220220000002200000022
6 0 19 13 3da7ace8 0002222200222222002222220022222200022222200220222222002222200022
6 0 19 14 26294cb0 2200002200000000000000000000000000000000000000000000000000000000
6 0 19 15 ecbfee05 0000000200000002000000020000000200000002000000020000000200000002
6 0 19 16 ecbfee05 0000000200000002000000020000000200000002000000020000000200000002
6 0 19 18 56a5f028 0002222200022222000002220000022200000222000002220000022200000222
6 0 19 19 ebdbca19 0000022200000222000002220000022200000222000002220000022200000000
6 0 19 21 e507ab66 0000000000000000000000000000000000000000000000000000000000022200
6 0 19 22 89865155 0022220000222200002222000022220000222200002222000022220000222200
6 0 19 23 a6b22e18 0022220000222200002222000022220000222200002222220022222200222222
6 0 20 8 8fcc0608 0002222220022222220222202202222022222220222222202222222022222222
6 0 20 9 189f35df 2222222222222222222222222222222222222220222222202222222022222220
6 0 20 12 c4103915 2222200022222200222222202002222020002220200022202000220020022000
6 0 20 13 c09122c0 2222000022222002222222022022220220022222200222222000222220002222
6 0 20 14 df9fc8fe 0000220200000000000000000000000000000000000000000000000000000000
6 0 20 15 8d74a62f 2222220022222220220022222200022222000222220002222200022222000222
6 0 20 16 e145c4bf 2222222022222200220000002200000022000000220000002200000022000000
6 0 20 18 0f7d76be 2202220222022202000222020002220200022202000222020002220200022202
6 0 20 19 f81bc8f7 0002220200022202000222020002220200022202000222020002220200000000
6 0 20 20 a957b1d0 2220000000000000000000000000000000000000000000000000000000000000
6 0 20 21 4fdc6785 0000022200000222000002220000022200000222000002220000022200000222
6 0 20 21 ab5cb4f8 0000000000000000000000000000000000000000000000000000000022000000
6 0 20 22 d13b32a2 0000022200002222000222200002222000022220000222200002222200022222
6 0 20 22 ebdbca19 0000022200000222000002220000022200000222000002220000022200000000
6 0 20 23 7d35399d 0002222200022220000222200002222000022220222222222222222222200222
6 0 21 8 73a1f64d 2200002222200222022222220222222202222222022222222222222222222222
6 0 21 9 66439d90 2220222222222222222222222222222222222222222222220222222202222022
6 0 21 12 102248a0 0022200000222000022222000222220002222200222022202220222022202220
6 0 21 13 0d30c2c4 2220222022222222222222222222222222000222220002222200022222000222
6 0 21 14 27e628dc 2200022000000000000000000000000000000000000000000000000000000000
6 0 21 15 6fe141a7 2222222022222222222002222220002222200022222000222220022222202220
6 0 21 16 47e051ef 2222222022222220222022222220022222200222222000222220002222200022
6 0 21 18 c46d6c06 2200022222000222222022222222222222222222222202222200022222000222
6 0 21 19 de0b1773 2200022222000222220002222200022222000222220002222200022200000000
6 0 21 20 cbd3a8a8 0000000000000000000000000000000000000000000000000000000022220000
6 0 21 21 00d3fc17 0000000000000000000000000000000000000000000000000000000022222222
6 0 21 21 e894a019 2222200200222222000222220002222200022222002222220222202222220022
6 0 21 22 2faddfc9 2220002202220022002220220022202200022202000222000002220000000000
6 0 21 22 d4bd2f43 2222222222222222000022220000222200002222000022222222222222222222
6 0 21 23 7e6c4869 2220222200002222000002220000022200000222222220222222202222220002
6 0 22 8 4d138a53 2222200022222200222222022000000200000022000000220000002222220022
6 0 22 9 c54d370e 2222222222222222000002220000022200000222000002222222222222222222
6 0 22 12 2c0f9c5d 2220000222200022222200222222002222222022222220222222222222222222
6 0 22 13 4c350956 2222222222202222222022222220022222200222222002222220002222200022
6 0 22 14 26294cb0 2200002200000000000000000000000000000000000000000000000000000000
6 0 22 15 ff620f09 0000222000002220200222222002222220222022202220220022202200222022
6 0 22 16 4363be19 0022202202222222022222220222000222220002222200022222000222220002
6 0 22 18 dedaaf52 0022222202222222222200002220000022200000222000002220000022222222
6 0 22 19 30fc18f4 2222222222200000222000002220000022200000222200000222222200000000
6 0 22 20 c0d39757 0000000000000000000000000000000000000000000000000000000022222220
6 0 22 21 c8860c75 2222222022000002200000022000000220000002200000022222220222222202
6 0 22 21 e507ab66 0000000000000000000000000000000000000000000000000000000000022200
6 0 22 22 62618717 2000000220000002200000022000000222222200222222200222222000000000
6 0 22 22 6db61bb4 0022220200222222002222220022222200222222002222220022222220222222
6 0 22 23 09d2af5e 2022222222222222222222222222022222220222222002222220002222000002
6 0 23 8 cb7ff5b9 2220000022220000222220002222200022222200222222002222220022222200
6 0 23 9 c3211623 2222220022222220222222202222222020022220200222202002222020022220
6 0 23 12 52659fa3 2022222222222222222222222222022222220022222200222222002222220022
6 0 23 13 e870c173 2222002222220022222200222222002222220022222200222222222222222220
6 0 23 14 4aaa07e2 0222220000000000000000000000000000000000000000000000000000000000
6 0 23 15 89ae2b54 0000222200022222002220020022200020222000202220002022200020222000
6 0 23 16 88d7b09a 2022200022222000222220002222200022222000222222022202222222002222
6 0 23 18 f9acbf6e 2000000020000000000000000000000000000000000000000000000000000000
6 0 23 19 09c19727 0000000000000000000000000000000000000000000000002000000000000000
6 0 23 20 4aaa07e2 0222220000000000000000000000000000000000000000000000000000000000
6 0 23 21 173ae18c 2222222022202222220002222200022222000002220000022200000222000002
6 0 23 21 c0d39757 0000000000000000000000000000000000000000000000000000000022222220
6 0 23 22 c8335dea 2200000222000002220002222200222222222222022222200022220000000000
6 0 23 22 c9c925a7 2222222222222222200000222000002220000022200000222222222222222222
6 0 23 23 11b186e8 2222202220000022200000222000002220000022222222222222222222222222
6 0 24 12 edae14b7 0000000020000000220000002200000022000000220000002200000022000000
6 0 24 13 8b7d049d 2200000022000000220000002200000022000000200000000000000000000000
6 0 24 15 a781a97d 2002222222022222222002222220022222000222000002220000022200000222
6 0 24 16 2cc9ce25 0000022200000222000002222220022222200222220002222000022200000222
6 0 24 18 bedcd881 2222222222222222002220220022202200222022002220220022202200222022
6 0 24 19 1782e7ff 0022202200222022002220220022202200222022002220220022202200000000
6 0 24 20 04d640fa 0000000000000000000000000000000000000000000000000000000002222220
6 0 24 21 ab5cb4f8 0000000000000000000000000000000000000000000000000000000022000000
6 0 24 21 b42a256f 2222222222220222222002222220022222200222222002222220022222200222
6 0 24 22 2e3a43f4 2220022222200222222002222220222202222222002222220002222000000000
6 0 24 22 7ebf10e5 2200000022000000220000002200000022000000220000002200000022000000
6 0 24 23 8069b838 2200000022000000220000002200000022000000222222222222222222222220
6 0 25 12 8b35a066 0222222222222222222222222222022222220022222200222222002222220022
6 0 25 13 a4ffab37 2222222222222220222222002222000022220000222200002222000022220000
6 0 25 14 a957b1d0 2220000000000000000000000000000000000000000000000000000000000000
6 0 25 15 3c6c51fe 2202220022222200002222020022222200222222002222220022222200222222
6 0 25 16 4b98a158 0022222200222222002222220022222200222222002222220022220200222200
6 0 25 18 e57f5a79 2222220022222220220022222200222222002222220022222200222022022200
6 0 25 19 65391330 2222200022222200220222202202222022002222220022222200222200000000
6 0 25 20 4aaa07e2 0222220000000000000000000000000000000000000000000000000000000000
6 0 25 21 d31b3fce 0222222222220022222200222222002222220022222202222222222222222222
6 0 25 22 453f67e1 2222222222220222222202222222002222220022022200220222002200000000
6 0 26 9 374a6545 0000000000000000000000000000000000000002000000220000022200000222
6 0 26 10 26b2b9e1 0000022200000022000000020000000000000000000000000000000000000000
6 0 26 12 a8d2a247 0022222222222222222222222222202222222002222220022222200222222002
6 0 26 13 297cfab4 0222222202222222022222220222202202222022022220020222200202222002
6 0 26 14 1f8a4d11 0222000200000000000000000000000000000000000000000000000000000000
6 0 26 15 5c0d2f46 0222220022222220220222222200222222002222220000022200000222000002
6 0 26 16 60f34370 2200000222000002220000022200222222002222222022222222220022222000
6 0 26 18 7914f265 2222000222220002222200222222002222220222222202222222022222220222
6 0 26 19 ed0a3bb0 2222022222222222222222222222222222222222222222222222222200000000
6 0 26 20 c0d39757 0000000000000000000000000000000000000000000000000000000022222220
6 0 26 21 f043a309 2222222222222002222220022222200222222002222220022222200222222002
6 0 26 22 6ed4362d 0222200202222002222220022222202222222222222222222222222200000000
6 0 27 9 16d1de43 0000000000222200022222002222220022222000222200002220000022000000
6 0 27 10 9aecda19 2220000022220000222220002222220002222200002222000000000000000000
6 0 27 12 9f4d9be5 2000222022022222222222222222222022222220222222202202222020022220
6 0 27 13 f09340ef 0002222020022220220222202202222022222220222222202222222222022222
6 0 27 14 f30d4bb3 2002220200000000000000000000000000000000000000000000000000000000
6 0 27 15 dedaaf52 0022222202222222222200002220000022200000222000002220000022222222
6 0 27 16 2b85e446 2222222222200000222000002220000022200000222200002222222202222222
6 0 27 18 2195b65d 2220022222200222222202222222022222222222222222222222222222222222
6 0 27 19 227d32e6 2222222222222222222222220022222200222222002222220022222200000000
6 0 27 21 29e5a515 2000000022000000222000002220000022200000222000002220000022200000
6 0 27 22 60673b44 2220000022200000222000002220000022200000220000002000000000000000
6 0 28 9 09cfd205 0000002200000022000000220000002200000022000000220000002200000022
6 0 28 10 f9d14bd5 0000002200000022000000220000002200000022000000220000002200000022
6 0 28 12 52efb198 2220002222200022222202222222022222222222022222220222222000222220
6 0 28 13 09cfd205 0000002200000022000000220000002200000022000000220000002200000022
6 0 28 13 997f1753 0022222200222222022222220222022222220222222000222220002222200022
6 0 28 14 26294cb0 2200002200000000000000000000000000000000000000000000000000000000
6 0 28 14 a9d0cde5 0000002200000022000000220000002200000022000000220000002200000000
6 0 28 15 f9acbf6e 2000000020000000000000000000000000000000000000000000000000000000
6 0 28 16 e3bf1cbe 0000000000000000000000000000000000000000000000002000000020000000
6 0 28 17 09cfd205 0000002200000022000000220000002200000022000000220000002200000022
6 0 28 18 2dad1c45 2000000020000000200000002000000020000000200000002000000020000000
6 0 28 18 a9d0cde5 0000002200000022000000220000002200000022000000220000002200000000
6 0 28 19 5d3a0595 2000000020000000200000002000000020000000200000002222200000000000
6 0 29 9 3dfad30c 2222000222222002222222022000222220002222200022222000222220002222
6 0 29 10 7ed95cf2 2000222220002222200022222000222220002222200222222222220022222000
6 0 29 12 7db9c775 2200000022000000200000002000000000000000000000000000000000000000
6 0 29 13 52f21612 0000000000000000200000002000000022000000220000002200000022000000
6 0 29 13 78fbcbb3 2222200222222202200222222000222220002222200022222000222220002222
6 0 29 14 10b16fc5 0000000200000000000000000000000000000000000000000000000000000000
6 0 29 14 4a5e05e0 2000222220002222200022222000222220022222222222002222200000000000
6 0 29 17 7c3965ab 2222220220022222200022222000222220002222200022222000222220002222
6 0 29 18 50a4f377 2000222220002222200022222000222220022202222220002222000000000000
6 0 30 9 0ffbabc1 2000022022000222220002222200022222000222220002222200022222000222
6 0 30 10 578a6963 2200022222000222220002222200022222000222222022222222222002222200
6 0 30 12 505ee814 0000000000444400004444400044444400044444000044440000044400000044
6 0 30 13 7b434005 2200022222000222220002222200022222000222220002222200022222000222
6 0 30 13 cf1684f4 0000044400004444000444440044444400444440004444000000000000000000
6 0 30 14 76f5e68d 2200022222000222220002222200022222000222222222200222220000000000
6 0 30 17 7b434005 2200022222000222220002222200022222000222220002222200022222000222
6 0 30 18 52d0a001 2200022222000222220002222200022222200220222222000222200000000000
6 0 31 9 51c96824 0022220002222220222200222220002222200022222000002220000022200000
6 0 31 10 f8cdd7eb 2220000022200000222000002220002222200022222002220222222200222220
6 0 31 12 880f8939 0000000000000000000000000000000040000000440000004440000044400000
6 0 31 13 a34b52e4 0022222002222222222200222220002222200002222000002220000022200000
6 0 31 13 d9a6aa2e 4440000044000000400000000000000000000000000000000000000000000000
6 0 31 14 aae4b88a 2220000022200000222000022220002222220022022222220022222000000000
6 0 31 17 ed910bda 0222222222220222222000222220002222200000222000002220000022200000
6 0 31 18 7cff9dde 2220000022200000222000022220002222220222022222200022220000000000
6 0 32 9 0d2035e1 0222222002222222000222002002220020022200000222000002220000022200
6 0 32 10 4ad98438 0002220000022200000222000002220020022200200222000002220000022200
6 0 32 13 ab7bf1b8 0222222002222222200222002002220020022200000222000002220000022200
6 0 32 14 f2a2da16 0002220000022200200222002002220020022200000222000002200000000000
6 0 32 17 2f5bb4dd 0222222220022200200222000002220000022200000222000002220000022200
6 0 32 18 9db1172b 0002220000022200200222002002220000022200000222000002200000000000
6 0 33 10 cbc5783e 0022222000222222000222220000000000000000000000000000000000000000
6 0 33 14 cc8e8ba5 0022222200222222000000000000000000000000000000000000000000000000
6 0 33 17 d0d3b087 0000000000000000000000000000000000000000000000000000000022222200
6 0 33 18 91b5d465 0022222200222220000000000000000000000000000000000000000000000000
6 0 34 9 266b2cf5 0000220000002200000222200002222000022220002222220022222200222222
6 0 34 10 737846b4 0022222202222222022222220222222202220022022200220222002202220022
6 0 34 13 08269b32 0222222002222222022200220222002202220022022200220222022202222220
6 0 34 14 1d69ebdc 0222022202220022022200220222002202220022022222220222222000000000
6 0 34 17 4ad07ef3 0022222202220022022200220222002202220000022200000222000002220000
6 0 34 18 4b313fa0 0222000002220000022200220222002202220022002222220002222000000000
6 0 35 10 9bd4ab0c 0000000020000000200000002000000020000000200000002000000020000000
6 0 35 13 21894aa5 0000000000000000200000002000000020000000200000000000000000000000
6 0 35 14 6983b3a5 0000000020000000200000002000000020000000000000000000000000000000
6 0 35 17 86ff1e3c 0000000020000000200000002000000000000000000000000000000000000000
6 0 35 18 8c2967a4 0000000000000000200000002000000020000000000000000000000000000000
6 0 36 9 e7f29dd6 0000022000002220000022220002222200022222000220220022202200222022
6 0 36 10 03160a88 0022202200222022022222220222222202220002022200020222000202200002
6 0 36 13 e424cce6 0000022000002220000022220002222200022222002220220022202200222022
6 0 36 14 6d6966a7 0022202200222022022222220222000202220002022200020022000000000000
6 0 36 17 565ec42d 0000222000022220000222220002222200222022002220220022202200222022
6 0 36 18 61b7893b 0222202202222222022222220222000202220002022200020022000000000000
6 0 37 9 36bbcf53 0022222200222222002220020022200000222000202220002022200020222002
6 0 37 10 e8b251a0 2022222222222222222220222222200222222002222220002222200020220000
6 0 37 13 36bbcf53 0022222200222222002220020022200000222000202220002022200020222002
6 0 37 14 9ca31475 2022222222222022222220022222200222222000222220002202200000000000
6 0 37 17 1d089243 0022222200222000002220000022200000222000202220022022202220222222
6 0 37 18 742bbfb5 2022222222222022222220022222200022222000222220002202200000000000
6 0 38 9 892a5e9e 2000022222002222222222002222220022222200222222002202220020022222
6 0 38 10 1405d1a9 0002222220022200220222002202220022222200222222202220222222000222
6 0 38 13 892a5e9e 2000022222002222222222002222220022222200222222002202220020022222
6 0 38 14 eb8572ba 0002220020022200220222002202220022222200222022220220022200000000
6 0 38 17 450824f5 2000222222022220222222002222220022222200222222002222222220022222
6 0 38 18 51ce9801 0002220020022200220222002202220022202200222002220220002200000000
6 0 39 9 82e7557c 2220000222000022000000220000022200000222000002220000222222002222
6 0 39 10 e1e91333 2000222200002222000222220002222200022200000222002222220022022000
6 0 39 13 29c65fcf 2220002222000022000002220000022200000222000022220000222222002222
6 0 39 14 6f405375 0000222200002222000222220002220000022200220222002220220000000000
6 0 39 17 23b67740 2220002200000222000002220000022200002222000022222000222222002222
6 0 39 18 75b4f0f5 0002222200022222000222220002220000022200220222002220220000000000
6 0 40 9 ded452c5 2000000020000000220000002200000022000000222000002220000022200000
6 0 40 10 1689c74a 2220000022220000222200002222000022220000222200002222000022200000
6 0 40 13 ded452c5 2000000020000000220000002200000022000000222000002220000022200000
6 0 40 14 244245b6 2220000022220000222200002222000022220000222200000222000000000000
6 0 40 17 ded452c5 2000000020000000220000002200000022000000222000002220000022200000
6 0 40 18 244245b6 2220000022220000222200002222000022220000222200000222000000000000
6 0 41 9 249b735d 0000000000000222000002220000022200000022000000020000000000000000
6 0 41 10 98ca433d 0000000000000002000000220000022200000222000002220000000000000000
6 0 42 9 2ce32f37 0000000000000000200000002200000022200000222200002222200002222000
6 0 42 10 32fe912a 2222200022220000222000002200000020000000000000000000000000000000
7 0 16 12 e6776b89 0000000000000000000000000000000200000022000002220000222200002222
7 0 16 13 c7564744 0000222200000222000000220000000200000000000000000000000000000000
7 0 17 12 b9073dab 0000000002222000222220002222200022220000222000002200000020000000
7 0 17 13 e0c3c619 2200000022200000222200002222200022222000022220000000000000000000
7 0 18 12 42d3c8c5 0000000000000002000000220000002200000022000000220000002200000022
7 0 18 13 376ee0b5 0000002200000022000000220000002200000022000000220000000200000000
7 0 19 12 86c789d8 2222000222222002222222022220222222202222222002222220000222200002
7 0 19 13 dd05b239 2222220222222222222222222222222222222222222222222222222222222200
7 0 19 14 f0358276 0222200000000000000000000000000000000000000000000000000000000000
7 0 19 18 add410c8 0000222200002222000000220000002200000022000000220000002200000022
7 0 19 19 a9d0cde5 0000002200000022000000220000002200000022000000220000002200000000
7 0 20 12 894186f6 2222200022222200222222202220022222200222222002222220222222222222
7 0 20 13 53bc0054 2222222222222220222222202222222222202222222002222220022222200222
7 0 20 14 eecda081 0220002200000000000000000000000000000000000000000000000000000000
7 0 20 15 0843a96f 2222220022222220222222222222002222220022222200222222002222220222
7 0 20 16 ce954c66 2222222222222220222200002222000022220000222200002222000002220000
7 0 20 18 beeb61ba 2222222222222222220022222200222222002222220022222200222222002222
7 0 20 19 276328d6 2200222222002222220022222200222222002222220022222000222200000000
7 0 20 20 b96996f5 0000000000000000000000000000000000000000000000000000000000000022
7 0 20 21 09cfd205 0000002200000022000000220000002200000022000000220000002200000022
7 0 20 22 a9d0cde5 0000002200000022000000220000002200000022000000220000002200000000
7 0 21 12 84aa1015 0002220000022220002222200022222000222222022222220222022202220222
7 0 21 13 9002b980 2222022222222222222222222222222222222222222200222222002222220022
7 0 21 14 1f8a4d11 0222000200000000000000000000000000000000000000000000000000000000
7 0 21 15 36ad4f99 0222222202222222022222222222200222222002222220022222202222222222
7 0 21 16 c2c43200 0222222202222220022222220222202202222022022220020222200200222000
7 0 21 18 08921f3e 2222002222220022222222222222222222222222222202222222002222220022
7 0 21 19 3662dc9f 2222002222220022222200222222002222220022222200222222002200000000
7 0 21 20 d0d3b087 0000000000000000000000000000000000000000000000000000000022222200
7 0 21 21 5bdbf116 2222222022022222220022222200222222002222220222222222220222222002
7 0 21 22 879fb1dd 2222220222222222220222222202222222002222220022222000222000000000
7 0 22 12 45cfcf18 0222000202220002022220020222200202222202022222020222222222222222
7 0 22 13 dfc1dd19 2222222222222222222222222222222222222022222220222222200222222002
7 0 22 14 3a824bef 2022200000000000000000000000000000000000000000000000000000000000
7 0 22 15 44518d68 0000022020000222220022222200222222002222220222222202222220022222
7 0 22 16 2f664963 0002222200222222002222222022220020222200222222002222220022022200
7 0 22 18 a23adf25 2202222222222222222222002222200022222000222220002222200022222222
7 0 22 19 527ac786 2222200022222000222220002222200022222000222222002002222200000000
7 0 22 20 c4d5dc3a 0000000000000000000000000000000000000000000000000000000002222222
7 0 22 21 01e7acc5 2222222222200000222000002220000022200000222000002222222022222220
7 0 22 22 edb0620c 2220000022200000222000002222200022222222222222220222222200000000
7 0 23 12 5db8bc38 2022222222222222222222222222220022222200222222002222220022222200
7 0 23 13 84414297 2222220022222200222222002222220022222200222222022222222222222222
7 0 23 14 8eeb10b7 2202222200000000000000000000000000000000000000000000000000000000
7 0 23 15 1e75e051 0000022200002222000222202002220020022200200222002202220022022200
7 0 23 16 5e8da8d2 2202220022022200222222002222220022222200222022202220022222200022
7 0 23 18 8a0c2ece 2200000022000000000000000000000000000000000000000000000000000000
7 0 23 19 c9109ae3 0000000000000000000000000000000000000000000000002200000000000000
7 0 23 20 70dda6c3 0000000000000000000000000000000000000000000000000000000020222220
7 0 23 21 1817c0da 0222222222220222222200222222002222220000222200002222000022220000
7 0 23 22 eff7ebeb 2222000022220000222200022222202222222222222222220022222000000000
7 0 24 12 9dbc0627 0000000020000000220000002220000022200000222000002220000022200000
7 0 24 13 3a53fe41 2220000022200000222000002220000022200000222000002220000022000000
7 0 24 14 350d96c4 2000000000000000000000000000000000000000000000000000000000000000
7 0 24 15 19052494 2200222222202222022200220222002200220022000000220000002200000022
7 0 24 16 41e2cb44 0000002200000022000000220222002202220022222200222220002222000022
7 0 24 18 151e7a6d 0222222202222222000222000002220000022200000222000002220000022200
7 0 24 19 9cf588d3 0002220000022200000222000002220000022200000222000002220000000000
7 0 24 20 b5075fd6 0000000000000000000000000000000000000000000000000000000000022222
7 0 24 21 26d472ab 0022222222220022222200020222000202220002022200020222000202220002
7 0 24 22 40770219 0222000202220002222200022222200222222222002222220002222000000000
7 0 25 12 d76076fc 0022222200222222002222220022200000222000002220000022200000222002
7 0 25 13 efd13acc 0022222200222222002222220022200000222000002220000022200000222000
7 0 25 14 7beb676a 0002200000000000000000000000000000000000000000000000000000000000
7 0 25 15 372013ca 2220222022202220200022202000222020002220200022202000222020002220
7 0 25 16 9885d008 2000222020002220200022202000222020002220200022202000222020002220
7 0 25 18 4af07722 2222222022222222222000222220002222200022222000222220022222202220
7 0 25 19 3d9fd4eb 2222220022222220222002222220022222200022222000222220002200000000
7 0 25 20 d0d3b087 0000000000000000000000000000000000000000000000000000000022222200
7 0 25 21 2589b8f4 2022222222222002222220002222200022222000222220022222202222222222
7 0 25 22 52c450bd 2222222222222022222220022222200220222000002220000022200000000000
7 0 26 12 bb21f18f 0002222220022222220222222222220022222200222222002222220022222202
7 0 26 13 f63dc67d 2222222222022222200222220002220200022200000222000002220000022200
7 0 26 14 3857723e 0000220000000000000000000000000000000000000000000000000000000000
7 0 26 15 51c96824 0022220002222220222200222220002222200022222000002220000022200000
7 0 26 16 f070b2ee 2220000022200000222000002220002222200022022202220022222200022220
7 0 26 18 6da5595d 0022200000222000202220002022200020222002202220020022200200222002
7 0 26 19 60261c13 0022200200222022002220220022202220222022202220222022202200000000
7 0 26 20 f1057fb3 0000000000000000000000000000000000000000000000000000000020022222
7 0 26 21 f83d2658 2202222222222200222222002222220022222200220222002002220000022200
7 0 26 22 255009fd 2002220022022200220222002222220022222222222222222222222200000000
7 0 27 12 a0c37c00 2000022022000220222002200222022002220220022202202222022022200220
7 0 27 13 18da0a7a 2200022020000220220002202200022022200220222202200222022002220220
7 0 27 14 a79e3d19 0022022000000000000000000000000000000000000000000000000000000000
7 0 27 15 5f72ca29 0002222200222222022220002222000022220000022200000222000002222222
7 0 27 16 5a8ea179 0222222202220000022200002222000022220000202220000002222200002222
7 0 27 18 42f97631 0222000202220002222220022222200222222202220222022202220222022202
7 0 27 19 dda9ce6e 2202220222222222222222222000222220002222200022222000222200000000
7 0 27 20 b96996f5 0000000000000000000000000000000000000000000000000000000000000022
7 0 27 21 156be2b9 2220000022220000022200000222000002220000022200000222000002220000
7 0 27 22 c3a54cb4 0222000002220000022200000222000022200000220000002000000000000000
7 0 28 12 79da15fa 0220000002220000022200020022200200222022000222220002222200002222
7 0 28 13 73cc3539 0002222200022222002222220022220202222002022220000222000002220000
7 0 28 14 3857723e 0000220000000000000000000000000000000000000000000000000000000000
7 0 28 15 b00ea937 2200000022000000000000000000000000000000000000000000000020000000
7 0 28 16 52c17caf 2000000000000000000000000000000000000000000000002200000022000000
7 0 28 18 a52515c5 2200000022000000220000002200000022000000220000002200000022000000
7 0 28 19 8cce08c9 2200000022000000220000002200000022000000220000002222220000000000
7 0 29 12 cabd0595 2200000022200000222000002220000022000000220000002000000020000000
7 0 29 13 1e128abf 0000000020000000200000002200000022000000222000002220000022200000
7 0 29 14 ddb33411 0220000000000000000000000000000000000000000000000000000000000000
7 0 30 12 19ec8182 0000000000022200000222200002222200002222000002220000002200000002
7 0 30 13 a9ffaec2 0000002200000222000022220002222200022220000222000000000000000000
7 0 31 12 880f8939 0000000000000000000000000000000020000000220000002220000022200000
7 0 31 13 d9a6aa2e 2220000022000000200000000000000000000000000000000000000000000000
8 0 20 18 1605a625 0222220002222200000000000000000000000000000000000000000000000000
8 0 20 20 528fbf15 0000000000000000000000000000000000000000222222202222222000000000
8 0 21 18 1605a625 0222220002222200000000000000000000000000000000000000000000000000
8 0 22 18 1605a625 0222220002222200000000000000000000000000000000000000000000000000
8 0 23 18 1605a625 0222220002222200000000000000000000000000000000000000000000000000
8 0 24 18 1605a625 0222220002222200000000000000000000000000000000000000000000000000
8 0 25 18 1605a625 0222220002222200000000000000000000000000000000000000000000000000
8 0 26 18 1605a625 0222220002222200000000000000000000000000000000000000000000000000
8 0 27 18 1605a625 0222220002222200000000000000000000000000000000000000000000000000
